Producto,Canal,Ubicacion,Fecha,Cantidad
BMX_1193,BMX_AUTOSERVICIOS,BMX_3401,28/12/2020,11
BMX_1193,BMX_ON PREMISE,BMX_3401,28/12/2020,2
BMX_1193,BMX_OTRO AUTOSERVICIO LOCAL,BMX_3401,28/12/2020,3
BMX_1193,BMX_OXXO,BMX_3401,28/12/2020,15
BMX_1193,BMX_TRADICIONAL,BMX_3401,28/12/2020,47
BMX_1193,BMX_VENDING,BMX_3401,28/12/2020,2
BMX_1193,BMX_AUTOSERVICIOS,BMX_3401,04/01/2021,93
BMX_1193,BMX_CLUB DE PRECIOS,BMX_3401,04/01/2021,200
BMX_1193,BMX_HOGAR,BMX_3401,04/01/2021,4
BMX_1193,BMX_ON PREMISE,BMX_3401,04/01/2021,16
BMX_1193,BMX_OTRAS TDC Y FARM,BMX_3401,04/01/2021,31
BMX_1193,BMX_OTRO AUTOSERVICIO LOCAL,BMX_3401,04/01/2021,159
BMX_1193,BMX_OXXO,BMX_3401,04/01/2021,229
BMX_1193,BMX_TRADICIONAL,BMX_3401,04/01/2021,764
BMX_1193,BMX_VENDING,BMX_3401,04/01/2021,20
BMX_1193,BMX_AUTOSERVICIOS,BMX_3401,11/01/2021,75
BMX_1193,BMX_CLUB DE PRECIOS,BMX_3401,11/01/2021,200
BMX_1193,BMX_HOGAR,BMX_3401,11/01/2021,11
BMX_1193,BMX_ON PREMISE,BMX_3401,11/01/2021,11
BMX_1193,BMX_OTRAS TDC Y FARM,BMX_3401,11/01/2021,52
BMX_1193,BMX_OTRO AUTOSERVICIO LOCAL,BMX_3401,11/01/2021,141
BMX_1193,BMX_OXXO,BMX_3401,11/01/2021,256
BMX_1193,BMX_TRADICIONAL,BMX_3401,11/01/2021,786
BMX_1193,BMX_VENDING,BMX_3401,11/01/2021,24
BMX_1193,BMX_AUTOSERVICIOS,BMX_3401,18/01/2021,66
BMX_1193,BMX_CLUB DE PRECIOS,BMX_3401,18/01/2021,600
BMX_1193,BMX_HOGAR,BMX_3401,18/01/2021,7
BMX_1193,BMX_ON PREMISE,BMX_3401,18/01/2021,25
BMX_1193,BMX_OTRAS TDC Y FARM,BMX_3401,18/01/2021,55
BMX_1193,BMX_OTRO AUTOSERVICIO LOCAL,BMX_3401,18/01/2021,152
BMX_1193,BMX_OXXO,BMX_3401,18/01/2021,285
BMX_1193,BMX_TRADICIONAL,BMX_3401,18/01/2021,775
BMX_1193,BMX_VENDING,BMX_3401,18/01/2021,25
BMX_1193,BMX_AUTOSERVICIOS,BMX_3401,25/01/2021,82
BMX_1193,BMX_CLUB DE PRECIOS,BMX_3401,25/01/2021,400
BMX_1193,BMX_HOGAR,BMX_3401,25/01/2021,4
BMX_1193,BMX_ON PREMISE,BMX_3401,25/01/2021,13
BMX_1193,BMX_OTRAS TDC Y FARM,BMX_3401,25/01/2021,40
BMX_1193,BMX_OTRO AUTOSERVICIO LOCAL,BMX_3401,25/01/2021,149
BMX_1193,BMX_OXXO,BMX_3401,25/01/2021,236
BMX_1193,BMX_TRADICIONAL,BMX_3401,25/01/2021,783
BMX_1193,BMX_VENDING,BMX_3401,25/01/2021,24
BMX_1193,BMX_AUTOSERVICIOS,BMX_3401,01/02/2021,96
BMX_1193,BMX_CLUB DE PRECIOS,BMX_3401,01/02/2021,400
BMX_1193,BMX_HOGAR,BMX_3401,01/02/2021,12
BMX_1193,BMX_ON PREMISE,BMX_3401,01/02/2021,24
BMX_1193,BMX_OTRAS TDC Y FARM,BMX_3401,01/02/2021,48
BMX_1193,BMX_OTRO AUTOSERVICIO LOCAL,BMX_3401,01/02/2021,151
BMX_1193,BMX_OXXO,BMX_3401,01/02/2021,335
BMX_1193,BMX_TRADICIONAL,BMX_3401,01/02/2021,869
BMX_1193,BMX_VENDING,BMX_3401,01/02/2021,20
BMX_1193,BMX_AUTOSERVICIOS,BMX_3401,08/02/2021,98
BMX_1193,BMX_CLUB DE PRECIOS,BMX_3401,08/02/2021,200
BMX_1193,BMX_HOGAR,BMX_3401,08/02/2021,8
BMX_1193,BMX_ON PREMISE,BMX_3401,08/02/2021,30
BMX_1193,BMX_OTRAS TDC Y FARM,BMX_3401,08/02/2021,41
BMX_1193,BMX_OTRO AUTOSERVICIO LOCAL,BMX_3401,08/02/2021,154
BMX_1193,BMX_OXXO,BMX_3401,08/02/2021,328
BMX_1193,BMX_TRADICIONAL,BMX_3401,08/02/2021,944
BMX_1193,BMX_VENDING,BMX_3401,08/02/2021,27
BMX_1193,BMX_AUTOSERVICIOS,BMX_3401,15/02/2021,77
BMX_1193,BMX_CLUB DE PRECIOS,BMX_3401,15/02/2021,400
BMX_1193,BMX_HOGAR,BMX_3401,15/02/2021,12
BMX_1193,BMX_ON PREMISE,BMX_3401,15/02/2021,19
BMX_1193,BMX_OTRAS TDC Y FARM,BMX_3401,15/02/2021,46
BMX_1193,BMX_OTRO AUTOSERVICIO LOCAL,BMX_3401,15/02/2021,148
BMX_1193,BMX_OXXO,BMX_3401,15/02/2021,325
BMX_1193,BMX_TRADICIONAL,BMX_3401,15/02/2021,884
BMX_1193,BMX_VENDING,BMX_3401,15/02/2021,25
BMX_1193,BMX_AUTOSERVICIOS,BMX_3401,22/02/2021,85
BMX_1193,BMX_CLUB DE PRECIOS,BMX_3401,22/02/2021,400
BMX_1193,BMX_HOGAR,BMX_3401,22/02/2021,6
BMX_1193,BMX_ON PREMISE,BMX_3401,22/02/2021,21
BMX_1193,BMX_OTRAS TDC Y FARM,BMX_3401,22/02/2021,51
BMX_1193,BMX_OTRO AUTOSERVICIO LOCAL,BMX_3401,22/02/2021,185
BMX_1193,BMX_OXXO,BMX_3401,22/02/2021,372
BMX_1193,BMX_TRADICIONAL,BMX_3401,22/02/2021,996
BMX_1193,BMX_VENDING,BMX_3401,22/02/2021,33
BMX_1193,BMX_AUTOSERVICIOS,BMX_3401,01/03/2021,108
BMX_1193,BMX_CLUB DE PRECIOS,BMX_3401,01/03/2021,300
BMX_1193,BMX_HOGAR,BMX_3401,01/03/2021,6
BMX_1193,BMX_ON PREMISE,BMX_3401,01/03/2021,51
BMX_1193,BMX_OTRAS TDC Y FARM,BMX_3401,01/03/2021,49
BMX_1193,BMX_OTRO AUTOSERVICIO LOCAL,BMX_3401,01/03/2021,212
BMX_1193,BMX_OXXO,BMX_3401,01/03/2021,293
BMX_1193,BMX_TRADICIONAL,BMX_3401,01/03/2021,1151
BMX_1193,BMX_VENDING,BMX_3401,01/03/2021,25
BMX_1193,BMX_AUTOSERVICIOS,BMX_3401,08/03/2021,102
BMX_1193,BMX_CLUB DE PRECIOS,BMX_3401,08/03/2021,600
BMX_1193,BMX_HOGAR,BMX_3401,08/03/2021,10
BMX_1193,BMX_ON PREMISE,BMX_3401,08/03/2021,39
BMX_1193,BMX_OTRAS TDC Y FARM,BMX_3401,08/03/2021,66
BMX_1193,BMX_OTRO AUTOSERVICIO LOCAL,BMX_3401,08/03/2021,233
BMX_1193,BMX_OXXO,BMX_3401,08/03/2021,363
BMX_1193,BMX_TRADICIONAL,BMX_3401,08/03/2021,1158
BMX_1193,BMX_VENDING,BMX_3401,08/03/2021,32
BMX_1193,BMX_AUTOSERVICIOS,BMX_3401,15/03/2021,67
BMX_1193,BMX_CLUB DE PRECIOS,BMX_3401,15/03/2021,600
BMX_1193,BMX_HOGAR,BMX_3401,15/03/2021,7
BMX_1193,BMX_ON PREMISE,BMX_3401,15/03/2021,47
BMX_1193,BMX_OTRAS TDC Y FARM,BMX_3401,15/03/2021,45
BMX_1193,BMX_OTRO AUTOSERVICIO LOCAL,BMX_3401,15/03/2021,210
BMX_1193,BMX_OXXO,BMX_3401,15/03/2021,354
BMX_1193,BMX_TRADICIONAL,BMX_3401,15/03/2021,1079
BMX_1193,BMX_VENDING,BMX_3401,15/03/2021,26
BMX_1193,BMX_AUTOSERVICIOS,BMX_3401,22/03/2021,119
BMX_1193,BMX_CLUB DE PRECIOS,BMX_3401,22/03/2021,200
BMX_1193,BMX_HOGAR,BMX_3401,22/03/2021,8
BMX_1193,BMX_ON PREMISE,BMX_3401,22/03/2021,59
BMX_1193,BMX_OTRAS TDC Y FARM,BMX_3401,22/03/2021,49
BMX_1193,BMX_OTRO AUTOSERVICIO LOCAL,BMX_3401,22/03/2021,220
BMX_1193,BMX_OXXO,BMX_3401,22/03/2021,382
BMX_1193,BMX_TRADICIONAL,BMX_3401,22/03/2021,1172
BMX_1193,BMX_VENDING,BMX_3401,22/03/2021,34
BMX_1193,BMX_AUTOSERVICIOS,BMX_3401,29/03/2021,89
BMX_1193,BMX_CLUB DE PRECIOS,BMX_3401,29/03/2021,400
BMX_1193,BMX_HOGAR,BMX_3401,29/03/2021,8
BMX_1193,BMX_ON PREMISE,BMX_3401,29/03/2021,34
BMX_1193,BMX_OTRAS TDC Y FARM,BMX_3401,29/03/2021,69
BMX_1193,BMX_OTRO AUTOSERVICIO LOCAL,BMX_3401,29/03/2021,162
BMX_1193,BMX_OXXO,BMX_3401,29/03/2021,378
BMX_1193,BMX_TRADICIONAL,BMX_3401,29/03/2021,954
BMX_1193,BMX_VENDING,BMX_3401,29/03/2021,19
BMX_1193,BMX_AUTOSERVICIOS,BMX_3401,05/04/2021,116
BMX_1193,BMX_CLUB DE PRECIOS,BMX_3401,05/04/2021,400
BMX_1193,BMX_HOGAR,BMX_3401,05/04/2021,13
BMX_1193,BMX_ON PREMISE,BMX_3401,05/04/2021,44
BMX_1193,BMX_OTRAS TDC Y FARM,BMX_3401,05/04/2021,53
BMX_1193,BMX_OTRO AUTOSERVICIO LOCAL,BMX_3401,05/04/2021,258
BMX_1193,BMX_OXXO,BMX_3401,05/04/2021,415
BMX_1193,BMX_TRADICIONAL,BMX_3401,05/04/2021,1191
BMX_1193,BMX_VENDING,BMX_3401,05/04/2021,23
BMX_1193,BMX_AUTOSERVICIOS,BMX_3401,12/04/2021,92
BMX_1193,BMX_CLUB DE PRECIOS,BMX_3401,12/04/2021,400
BMX_1193,BMX_HOGAR,BMX_3401,12/04/2021,11
BMX_1193,BMX_ON PREMISE,BMX_3401,12/04/2021,40
BMX_1193,BMX_OTRAS TDC Y FARM,BMX_3401,12/04/2021,64
BMX_1193,BMX_OTRO AUTOSERVICIO LOCAL,BMX_3401,12/04/2021,217
BMX_1193,BMX_OXXO,BMX_3401,12/04/2021,398
BMX_1193,BMX_TRADICIONAL,BMX_3401,12/04/2021,1274
BMX_1193,BMX_VENDING,BMX_3401,12/04/2021,27
BMX_1193,BMX_AUTOSERVICIOS,BMX_3401,19/04/2021,92
BMX_1193,BMX_CLUB DE PRECIOS,BMX_3401,19/04/2021,600
BMX_1193,BMX_HOGAR,BMX_3401,19/04/2021,19
BMX_1193,BMX_ON PREMISE,BMX_3401,19/04/2021,36
BMX_1193,BMX_OTRAS TDC Y FARM,BMX_3401,19/04/2021,70
BMX_1193,BMX_OTRO AUTOSERVICIO LOCAL,BMX_3401,19/04/2021,220
BMX_1193,BMX_OXXO,BMX_3401,19/04/2021,324
BMX_1193,BMX_TRADICIONAL,BMX_3401,19/04/2021,1236
BMX_1193,BMX_VENDING,BMX_3401,19/04/2021,23
BMX_1193,BMX_AUTOSERVICIOS,BMX_3401,26/04/2021,106
BMX_1193,BMX_CLUB DE PRECIOS,BMX_3401,26/04/2021,600
BMX_1193,BMX_HOGAR,BMX_3401,26/04/2021,3
BMX_1193,BMX_ON PREMISE,BMX_3401,26/04/2021,37
BMX_1193,BMX_OTRAS TDC Y FARM,BMX_3401,26/04/2021,56
BMX_1193,BMX_OTRO AUTOSERVICIO LOCAL,BMX_3401,26/04/2021,160
BMX_1193,BMX_OXXO,BMX_3401,26/04/2021,408
BMX_1193,BMX_TRADICIONAL,BMX_3401,26/04/2021,1135
BMX_1193,BMX_VENDING,BMX_3401,26/04/2021,29
BMX_1193,BMX_AUTOSERVICIOS,BMX_3401,03/05/2021,156
BMX_1193,BMX_CLUB DE PRECIOS,BMX_3401,03/05/2021,600
BMX_1193,BMX_HOGAR,BMX_3401,03/05/2021,12
BMX_1193,BMX_ON PREMISE,BMX_3401,03/05/2021,47
BMX_1193,BMX_OTRAS TDC Y FARM,BMX_3401,03/05/2021,64
BMX_1193,BMX_OTRO AUTOSERVICIO LOCAL,BMX_3401,03/05/2021,266
BMX_1193,BMX_OXXO,BMX_3401,03/05/2021,398
BMX_1193,BMX_TRADICIONAL,BMX_3401,03/05/2021,1427
BMX_1193,BMX_VENDING,BMX_3401,03/05/2021,33
BMX_1193,BMX_AUTOSERVICIOS,BMX_3401,10/05/2021,106
BMX_1193,BMX_CLUB DE PRECIOS,BMX_3401,10/05/2021,600
BMX_1193,BMX_HOGAR,BMX_3401,10/05/2021,6
BMX_1193,BMX_ON PREMISE,BMX_3401,10/05/2021,38
BMX_1193,BMX_OTRAS TDC Y FARM,BMX_3401,10/05/2021,62
BMX_1193,BMX_OTRO AUTOSERVICIO LOCAL,BMX_3401,10/05/2021,221
BMX_1193,BMX_OXXO,BMX_3401,10/05/2021,395
BMX_1193,BMX_TRADICIONAL,BMX_3401,10/05/2021,1275
BMX_1193,BMX_VENDING,BMX_3401,10/05/2021,29
BMX_1193,BMX_AUTOSERVICIOS,BMX_3401,17/05/2021,124
BMX_1193,BMX_CLUB DE PRECIOS,BMX_3401,17/05/2021,400
BMX_1193,BMX_HOGAR,BMX_3401,17/05/2021,18
BMX_1193,BMX_ON PREMISE,BMX_3401,17/05/2021,61
BMX_1193,BMX_OTRAS TDC Y FARM,BMX_3401,17/05/2021,77
BMX_1193,BMX_OTRO AUTOSERVICIO LOCAL,BMX_3401,17/05/2021,220
BMX_1193,BMX_OXXO,BMX_3401,17/05/2021,436
BMX_1193,BMX_TRADICIONAL,BMX_3401,17/05/2021,1381
BMX_1193,BMX_VENDING,BMX_3401,17/05/2021,27
BMX_1193,BMX_AUTOSERVICIOS,BMX_3401,24/05/2021,88
BMX_1193,BMX_CLUB DE PRECIOS,BMX_3401,24/05/2021,200
BMX_1193,BMX_HOGAR,BMX_3401,24/05/2021,2
BMX_1193,BMX_ON PREMISE,BMX_3401,24/05/2021,28
BMX_1193,BMX_OTRAS TDC Y FARM,BMX_3401,24/05/2021,73
BMX_1193,BMX_OTRO AUTOSERVICIO LOCAL,BMX_3401,24/05/2021,206
BMX_1193,BMX_OXXO,BMX_3401,24/05/2021,352
BMX_1193,BMX_TRADICIONAL,BMX_3401,24/05/2021,1315
BMX_1193,BMX_VENDING,BMX_3401,24/05/2021,36
BMX_1193,BMX_AUTOSERVICIOS,BMX_3401,31/05/2021,139
BMX_1193,BMX_CLUB DE PRECIOS,BMX_3401,31/05/2021,400
BMX_1193,BMX_HOGAR,BMX_3401,31/05/2021,6
BMX_1193,BMX_ON PREMISE,BMX_3401,31/05/2021,67
BMX_1193,BMX_OTRAS TDC Y FARM,BMX_3401,31/05/2021,61
BMX_1193,BMX_OTRO AUTOSERVICIO LOCAL,BMX_3401,31/05/2021,223
BMX_1193,BMX_OXXO,BMX_3401,31/05/2021,432
BMX_1193,BMX_TRADICIONAL,BMX_3401,31/05/2021,1390
BMX_1193,BMX_VENDING,BMX_3401,31/05/2021,30
BMX_1193,BMX_AUTOSERVICIOS,BMX_3401,07/06/2021,108
BMX_1193,BMX_CLUB DE PRECIOS,BMX_3401,07/06/2021,600
BMX_1193,BMX_HOGAR,BMX_3401,07/06/2021,8
BMX_1193,BMX_ON PREMISE,BMX_3401,07/06/2021,74
BMX_1193,BMX_OTRAS TDC Y FARM,BMX_3401,07/06/2021,60
BMX_1193,BMX_OTRO AUTOSERVICIO LOCAL,BMX_3401,07/06/2021,220
BMX_1193,BMX_OXXO,BMX_3401,07/06/2021,404
BMX_1193,BMX_TRADICIONAL,BMX_3401,07/06/2021,1376
BMX_1193,BMX_VENDING,BMX_3401,07/06/2021,24
BMX_1193,BMX_AUTOSERVICIOS,BMX_3401,14/06/2021,102
BMX_1193,BMX_CLUB DE PRECIOS,BMX_3401,14/06/2021,800
BMX_1193,BMX_HOGAR,BMX_3401,14/06/2021,7
BMX_1193,BMX_ON PREMISE,BMX_3401,14/06/2021,53
BMX_1193,BMX_OTRAS TDC Y FARM,BMX_3401,14/06/2021,69
BMX_1193,BMX_OTRO AUTOSERVICIO LOCAL,BMX_3401,14/06/2021,218
BMX_1193,BMX_OXXO,BMX_3401,14/06/2021,422
BMX_1193,BMX_TRADICIONAL,BMX_3401,14/06/2021,1421
BMX_1193,BMX_VENDING,BMX_3401,14/06/2021,39
BMX_1193,BMX_AUTOSERVICIOS,BMX_3401,21/06/2021,117
BMX_1193,BMX_CLUB DE PRECIOS,BMX_3401,21/06/2021,400
BMX_1193,BMX_HOGAR,BMX_3401,21/06/2021,20
BMX_1193,BMX_ON PREMISE,BMX_3401,21/06/2021,60
BMX_1193,BMX_OTRAS TDC Y FARM,BMX_3401,21/06/2021,72
BMX_1193,BMX_OTRO AUTOSERVICIO LOCAL,BMX_3401,21/06/2021,261
BMX_1193,BMX_OXXO,BMX_3401,21/06/2021,426
BMX_1193,BMX_TRADICIONAL,BMX_3401,21/06/2021,1291
BMX_1193,BMX_VENDING,BMX_3401,21/06/2021,39
BMX_1193,BMX_AUTOSERVICIOS,BMX_3401,28/06/2021,120
BMX_1193,BMX_CLUB DE PRECIOS,BMX_3401,28/06/2021,200
BMX_1193,BMX_HOGAR,BMX_3401,28/06/2021,4
BMX_1193,BMX_ON PREMISE,BMX_3401,28/06/2021,60
BMX_1193,BMX_OTRAS TDC Y FARM,BMX_3401,28/06/2021,65
BMX_1193,BMX_OTRO AUTOSERVICIO LOCAL,BMX_3401,28/06/2021,247
BMX_1193,BMX_OXXO,BMX_3401,28/06/2021,348
BMX_1193,BMX_TRADICIONAL,BMX_3401,28/06/2021,1164
BMX_1193,BMX_VENDING,BMX_3401,28/06/2021,29
BMX_1193,BMX_AUTOSERVICIOS,BMX_3401,05/07/2021,149
BMX_1193,BMX_CLUB DE PRECIOS,BMX_3401,05/07/2021,200
BMX_1193,BMX_HOGAR,BMX_3401,05/07/2021,11
BMX_1193,BMX_ON PREMISE,BMX_3401,05/07/2021,42
BMX_1193,BMX_OTRAS TDC Y FARM,BMX_3401,05/07/2021,49
BMX_1193,BMX_OTRO AUTOSERVICIO LOCAL,BMX_3401,05/07/2021,138
BMX_1193,BMX_OXXO,BMX_3401,05/07/2021,361
BMX_1193,BMX_TRADICIONAL,BMX_3401,05/07/2021,1255
BMX_1193,BMX_VENDING,BMX_3401,05/07/2021,35
BMX_1193,BMX_AUTOSERVICIOS,BMX_3401,12/07/2021,102
BMX_1193,BMX_CLUB DE PRECIOS,BMX_3401,12/07/2021,400
BMX_1193,BMX_HOGAR,BMX_3401,12/07/2021,14
BMX_1193,BMX_ON PREMISE,BMX_3401,12/07/2021,55
BMX_1193,BMX_OTRAS TDC Y FARM,BMX_3401,12/07/2021,58
BMX_1193,BMX_OTRO AUTOSERVICIO LOCAL,BMX_3401,12/07/2021,188
BMX_1193,BMX_OXXO,BMX_3401,12/07/2021,353
BMX_1193,BMX_TRADICIONAL,BMX_3401,12/07/2021,1298
BMX_1193,BMX_VENDING,BMX_3401,12/07/2021,33
BMX_1193,BMX_AUTOSERVICIOS,BMX_3401,19/07/2021,98
BMX_1193,BMX_CLUB DE PRECIOS,BMX_3401,19/07/2021,600
BMX_1193,BMX_HOGAR,BMX_3401,19/07/2021,6
BMX_1193,BMX_ON PREMISE,BMX_3401,19/07/2021,56
BMX_1193,BMX_OTRAS TDC Y FARM,BMX_3401,19/07/2021,51
BMX_1193,BMX_OTRO AUTOSERVICIO LOCAL,BMX_3401,19/07/2021,171
BMX_1193,BMX_OXXO,BMX_3401,19/07/2021,349
BMX_1193,BMX_TRADICIONAL,BMX_3401,19/07/2021,1256
BMX_1193,BMX_VENDING,BMX_3401,19/07/2021,33
BMX_1193,BMX_AUTOSERVICIOS,BMX_3401,26/07/2021,70
BMX_1193,BMX_CLUB DE PRECIOS,BMX_3401,26/07/2021,400
BMX_1193,BMX_HOGAR,BMX_3401,26/07/2021,3
BMX_1193,BMX_ON PREMISE,BMX_3401,26/07/2021,48
BMX_1193,BMX_OTRAS TDC Y FARM,BMX_3401,26/07/2021,54
BMX_1193,BMX_OTRO AUTOSERVICIO LOCAL,BMX_3401,26/07/2021,191
BMX_1193,BMX_OXXO,BMX_3401,26/07/2021,325
BMX_1193,BMX_TRADICIONAL,BMX_3401,26/07/2021,1154
BMX_1193,BMX_VENDING,BMX_3401,26/07/2021,27
BMX_1193,BMX_AUTOSERVICIOS,BMX_3401,02/08/2021,118
BMX_1193,BMX_CLUB DE PRECIOS,BMX_3401,02/08/2021,400
BMX_1193,BMX_HOGAR,BMX_3401,02/08/2021,6
BMX_1193,BMX_ON PREMISE,BMX_3401,02/08/2021,51
BMX_1193,BMX_OTRAS TDC Y FARM,BMX_3401,02/08/2021,65
BMX_1193,BMX_OTRO AUTOSERVICIO LOCAL,BMX_3401,02/08/2021,186
BMX_1193,BMX_OXXO,BMX_3401,02/08/2021,327
BMX_1193,BMX_TRADICIONAL,BMX_3401,02/08/2021,1189
BMX_1193,BMX_VENDING,BMX_3401,02/08/2021,37
BMX_1193,BMX_AUTOSERVICIOS,BMX_3401,09/08/2021,69
BMX_1193,BMX_CLUB DE PRECIOS,BMX_3401,09/08/2021,400
BMX_1193,BMX_HOGAR,BMX_3401,09/08/2021,24
BMX_1193,BMX_ON PREMISE,BMX_3401,09/08/2021,50
BMX_1193,BMX_OTRAS TDC Y FARM,BMX_3401,09/08/2021,66
BMX_1193,BMX_OTRO AUTOSERVICIO LOCAL,BMX_3401,09/08/2021,204
BMX_1193,BMX_OXXO,BMX_3401,09/08/2021,441
BMX_1193,BMX_TRADICIONAL,BMX_3401,09/08/2021,1117
BMX_1193,BMX_VENDING,BMX_3401,09/08/2021,42
BMX_1193,BMX_AUTOSERVICIOS,BMX_3401,16/08/2021,133
BMX_1193,BMX_CLUB DE PRECIOS,BMX_3401,16/08/2021,800
BMX_1193,BMX_HOGAR,BMX_3401,16/08/2021,9
BMX_1193,BMX_ON PREMISE,BMX_3401,16/08/2021,51
BMX_1193,BMX_OTRAS TDC Y FARM,BMX_3401,16/08/2021,55
BMX_1193,BMX_OTRO AUTOSERVICIO LOCAL,BMX_3401,16/08/2021,218
BMX_1193,BMX_OXXO,BMX_3401,16/08/2021,331
BMX_1193,BMX_TRADICIONAL,BMX_3401,16/08/2021,1064
BMX_1193,BMX_VENDING,BMX_3401,16/08/2021,39
BMX_1193,BMX_AUTOSERVICIOS,BMX_3401,23/08/2021,122
BMX_1193,BMX_HOGAR,BMX_3401,23/08/2021,7
BMX_1193,BMX_ON PREMISE,BMX_3401,23/08/2021,36
BMX_1193,BMX_OTRAS TDC Y FARM,BMX_3401,23/08/2021,58
BMX_1193,BMX_OTRO AUTOSERVICIO LOCAL,BMX_3401,23/08/2021,213
BMX_1193,BMX_OXXO,BMX_3401,23/08/2021,370
BMX_1193,BMX_TRADICIONAL,BMX_3401,23/08/2021,1128
BMX_1193,BMX_VENDING,BMX_3401,23/08/2021,31
BMX_1193,BMX_AUTOSERVICIOS,BMX_3401,30/08/2021,103
BMX_1193,BMX_HOGAR,BMX_3401,30/08/2021,14
BMX_1193,BMX_ON PREMISE,BMX_3401,30/08/2021,37
BMX_1193,BMX_OTRAS TDC Y FARM,BMX_3401,30/08/2021,69
BMX_1193,BMX_OTRO AUTOSERVICIO LOCAL,BMX_3401,30/08/2021,218
BMX_1193,BMX_OXXO,BMX_3401,30/08/2021,357
BMX_1193,BMX_TRADICIONAL,BMX_3401,30/08/2021,1197
BMX_1193,BMX_VENDING,BMX_3401,30/08/2021,31
BMX_1193,BMX_AUTOSERVICIOS,BMX_3401,06/09/2021,116
BMX_1193,BMX_HOGAR,BMX_3401,06/09/2021,4
BMX_1193,BMX_ON PREMISE,BMX_3401,06/09/2021,50
BMX_1193,BMX_OTRAS TDC Y FARM,BMX_3401,06/09/2021,58
BMX_1193,BMX_OTRO AUTOSERVICIO LOCAL,BMX_3401,06/09/2021,214
BMX_1193,BMX_OXXO,BMX_3401,06/09/2021,371
BMX_1193,BMX_TRADICIONAL,BMX_3401,06/09/2021,1232
BMX_1193,BMX_VENDING,BMX_3401,06/09/2021,26
BMX_1193,BMX_AUTOSERVICIOS,BMX_3401,13/09/2021,110
BMX_1193,BMX_HOGAR,BMX_3401,13/09/2021,10
BMX_1193,BMX_ON PREMISE,BMX_3401,13/09/2021,40
BMX_1193,BMX_OTRAS TDC Y FARM,BMX_3401,13/09/2021,75
BMX_1193,BMX_OTRO AUTOSERVICIO LOCAL,BMX_3401,13/09/2021,198
BMX_1193,BMX_OXXO,BMX_3401,13/09/2021,386
BMX_1193,BMX_TRADICIONAL,BMX_3401,13/09/2021,1208
BMX_1193,BMX_VENDING,BMX_3401,13/09/2021,28
BMX_1193,BMX_AUTOSERVICIOS,BMX_3401,20/09/2021,96
BMX_1193,BMX_HOGAR,BMX_3401,20/09/2021,6
BMX_1193,BMX_ON PREMISE,BMX_3401,20/09/2021,42
BMX_1193,BMX_OTRAS TDC Y FARM,BMX_3401,20/09/2021,57
BMX_1193,BMX_OTRO AUTOSERVICIO LOCAL,BMX_3401,20/09/2021,192
BMX_1193,BMX_OXXO,BMX_3401,20/09/2021,402
BMX_1193,BMX_TRADICIONAL,BMX_3401,20/09/2021,1236
BMX_1193,BMX_VENDING,BMX_3401,20/09/2021,27
BMX_1193,BMX_AUTOSERVICIOS,BMX_3401,27/09/2021,85
BMX_1193,BMX_CLUB DE PRECIOS,BMX_3401,27/09/2021,100
BMX_1193,BMX_HOGAR,BMX_3401,27/09/2021,5
BMX_1193,BMX_ON PREMISE,BMX_3401,27/09/2021,54
BMX_1193,BMX_OTRAS TDC Y FARM,BMX_3401,27/09/2021,67
BMX_1193,BMX_OTRO AUTOSERVICIO LOCAL,BMX_3401,27/09/2021,218
BMX_1193,BMX_OXXO,BMX_3401,27/09/2021,342
BMX_1193,BMX_TRADICIONAL,BMX_3401,27/09/2021,1201
BMX_1193,BMX_VENDING,BMX_3401,27/09/2021,26
BMX_1193,BMX_AUTOSERVICIOS,BMX_3401,04/10/2021,109
BMX_1193,BMX_CLUB DE PRECIOS,BMX_3401,04/10/2021,100
BMX_1193,BMX_HOGAR,BMX_3401,04/10/2021,10
BMX_1193,BMX_ON PREMISE,BMX_3401,04/10/2021,59
BMX_1193,BMX_OTRAS TDC Y FARM,BMX_3401,04/10/2021,69
BMX_1193,BMX_OTRO AUTOSERVICIO LOCAL,BMX_3401,04/10/2021,221
BMX_1193,BMX_OXXO,BMX_3401,04/10/2021,401
BMX_1193,BMX_TRADICIONAL,BMX_3401,04/10/2021,1308
BMX_1193,BMX_VENDING,BMX_3401,04/10/2021,19
BMX_1193,BMX_AUTOSERVICIOS,BMX_3401,11/10/2021,103
BMX_1193,BMX_CLUB DE PRECIOS,BMX_3401,11/10/2021,0
BMX_1193,BMX_HOGAR,BMX_3401,11/10/2021,4
BMX_1193,BMX_ON PREMISE,BMX_3401,11/10/2021,79
BMX_1193,BMX_OTRAS TDC Y FARM,BMX_3401,11/10/2021,58
BMX_1193,BMX_OTRO AUTOSERVICIO LOCAL,BMX_3401,11/10/2021,205
BMX_1193,BMX_OXXO,BMX_3401,11/10/2021,351
BMX_1193,BMX_TRADICIONAL,BMX_3401,11/10/2021,1260
BMX_1193,BMX_VENDING,BMX_3401,11/10/2021,26
BMX_1193,BMX_AUTOSERVICIOS,BMX_3401,18/10/2021,103
BMX_1193,BMX_HOGAR,BMX_3401,18/10/2021,12
BMX_1193,BMX_ON PREMISE,BMX_3401,18/10/2021,49
BMX_1193,BMX_OTRAS TDC Y FARM,BMX_3401,18/10/2021,67
BMX_1193,BMX_OTRO AUTOSERVICIO LOCAL,BMX_3401,18/10/2021,169
BMX_1193,BMX_OXXO,BMX_3401,18/10/2021,409
BMX_1193,BMX_TRADICIONAL,BMX_3401,18/10/2021,1228
BMX_1193,BMX_VENDING,BMX_3401,18/10/2021,24
BMX_1193,BMX_AUTOSERVICIOS,BMX_3401,25/10/2021,106
BMX_1193,BMX_CLUB DE PRECIOS,BMX_3401,25/10/2021,200
BMX_1193,BMX_HOGAR,BMX_3401,25/10/2021,5
BMX_1193,BMX_ON PREMISE,BMX_3401,25/10/2021,44
BMX_1193,BMX_OTRAS TDC Y FARM,BMX_3401,25/10/2021,57
BMX_1193,BMX_OTRO AUTOSERVICIO LOCAL,BMX_3401,25/10/2021,169
BMX_1193,BMX_OXXO,BMX_3401,25/10/2021,368
BMX_1193,BMX_TRADICIONAL,BMX_3401,25/10/2021,1299
BMX_1193,BMX_VENDING,BMX_3401,25/10/2021,26
BMX_1193,BMX_AUTOSERVICIOS,BMX_3401,01/11/2021,119
BMX_1193,BMX_HOGAR,BMX_3401,01/11/2021,2
BMX_1193,BMX_ON PREMISE,BMX_3401,01/11/2021,41
BMX_1193,BMX_OTRAS TDC Y FARM,BMX_3401,01/11/2021,67
BMX_1193,BMX_OTRO AUTOSERVICIO LOCAL,BMX_3401,01/11/2021,129
BMX_1193,BMX_OXXO,BMX_3401,01/11/2021,365
BMX_1193,BMX_TRADICIONAL,BMX_3401,01/11/2021,1227
BMX_1193,BMX_VENDING,BMX_3401,01/11/2021,20
BMX_1193,BMX_AUTOSERVICIOS,BMX_3401,08/11/2021,103
BMX_1193,BMX_HOGAR,BMX_3401,08/11/2021,10
BMX_1193,BMX_ON PREMISE,BMX_3401,08/11/2021,41
BMX_1193,BMX_OTRAS TDC Y FARM,BMX_3401,08/11/2021,62
BMX_1193,BMX_OTRO AUTOSERVICIO LOCAL,BMX_3401,08/11/2021,176
BMX_1193,BMX_OXXO,BMX_3401,08/11/2021,389
BMX_1193,BMX_TRADICIONAL,BMX_3401,08/11/2021,1257
BMX_1193,BMX_VENDING,BMX_3401,08/11/2021,24
BMX_1193,BMX_AUTOSERVICIOS,BMX_3401,15/11/2021,108
BMX_1193,BMX_HOGAR,BMX_3401,15/11/2021,4
BMX_1193,BMX_ON PREMISE,BMX_3401,15/11/2021,50
BMX_1193,BMX_OTRAS TDC Y FARM,BMX_3401,15/11/2021,58
BMX_1193,BMX_OTRO AUTOSERVICIO LOCAL,BMX_3401,15/11/2021,191
BMX_1193,BMX_OXXO,BMX_3401,15/11/2021,364
BMX_1193,BMX_TRADICIONAL,BMX_3401,15/11/2021,1238
BMX_1193,BMX_VENDING,BMX_3401,15/11/2021,24
BMX_1193,BMX_AUTOSERVICIOS,BMX_3401,22/11/2021,97
BMX_1193,BMX_CLUB DE PRECIOS,BMX_3401,22/11/2021,200
BMX_1193,BMX_HOGAR,BMX_3401,22/11/2021,6
BMX_1193,BMX_ON PREMISE,BMX_3401,22/11/2021,35
BMX_1193,BMX_OTRAS TDC Y FARM,BMX_3401,22/11/2021,57
BMX_1193,BMX_OTRO AUTOSERVICIO LOCAL,BMX_3401,22/11/2021,155
BMX_1193,BMX_OXXO,BMX_3401,22/11/2021,349
BMX_1193,BMX_TRADICIONAL,BMX_3401,22/11/2021,1160
BMX_1193,BMX_VENDING,BMX_3401,22/11/2021,17
BMX_1193,BMX_AUTOSERVICIOS,BMX_3401,29/11/2021,102
BMX_1193,BMX_HOGAR,BMX_3401,29/11/2021,3
BMX_1193,BMX_ON PREMISE,BMX_3401,29/11/2021,61
BMX_1193,BMX_OTRAS TDC Y FARM,BMX_3401,29/11/2021,64
BMX_1193,BMX_OTRO AUTOSERVICIO LOCAL,BMX_3401,29/11/2021,159
BMX_1193,BMX_OXXO,BMX_3401,29/11/2021,357
BMX_1193,BMX_TRADICIONAL,BMX_3401,29/11/2021,1278
BMX_1193,BMX_VENDING,BMX_3401,29/11/2021,23
BMX_1193,BMX_AUTOSERVICIOS,BMX_3401,06/12/2021,115
BMX_1193,BMX_HOGAR,BMX_3401,06/12/2021,3
BMX_1193,BMX_ON PREMISE,BMX_3401,06/12/2021,60
BMX_1193,BMX_OTRAS TDC Y FARM,BMX_3401,06/12/2021,77
BMX_1193,BMX_OTRO AUTOSERVICIO LOCAL,BMX_3401,06/12/2021,143
BMX_1193,BMX_OXXO,BMX_3401,06/12/2021,336
BMX_1193,BMX_TRADICIONAL,BMX_3401,06/12/2021,1300
BMX_1193,BMX_VENDING,BMX_3401,06/12/2021,17
BMX_1193,BMX_AUTOSERVICIOS,BMX_3401,13/12/2021,116
BMX_1193,BMX_CLUB DE PRECIOS,BMX_3401,13/12/2021,100
BMX_1193,BMX_HOGAR,BMX_3401,13/12/2021,14
BMX_1193,BMX_ON PREMISE,BMX_3401,13/12/2021,53
BMX_1193,BMX_OTRAS TDC Y FARM,BMX_3401,13/12/2021,59
BMX_1193,BMX_OTRO AUTOSERVICIO LOCAL,BMX_3401,13/12/2021,157
BMX_1193,BMX_OXXO,BMX_3401,13/12/2021,309
BMX_1193,BMX_TRADICIONAL,BMX_3401,13/12/2021,1372
BMX_1193,BMX_VENDING,BMX_3401,13/12/2021,21
BMX_1193,BMX_AUTOSERVICIOS,BMX_3401,20/12/2021,123
BMX_1193,BMX_HOGAR,BMX_3401,20/12/2021,3
BMX_1193,BMX_ON PREMISE,BMX_3401,20/12/2021,23
BMX_1193,BMX_OTRAS TDC Y FARM,BMX_3401,20/12/2021,58
BMX_1193,BMX_OTRO AUTOSERVICIO LOCAL,BMX_3401,20/12/2021,123
BMX_1193,BMX_OXXO,BMX_3401,20/12/2021,305
BMX_1193,BMX_TRADICIONAL,BMX_3401,20/12/2021,1081
BMX_1193,BMX_VENDING,BMX_3401,20/12/2021,14
BMX_1193,BMX_AUTOSERVICIOS,BMX_3401,27/12/2021,80
BMX_1193,BMX_HOGAR,BMX_3401,27/12/2021,1
BMX_1193,BMX_ON PREMISE,BMX_3401,27/12/2021,8
BMX_1193,BMX_OTRAS TDC Y FARM,BMX_3401,27/12/2021,46
BMX_1193,BMX_OTRO AUTOSERVICIO LOCAL,BMX_3401,27/12/2021,107
BMX_1193,BMX_OXXO,BMX_3401,27/12/2021,209
BMX_1193,BMX_TRADICIONAL,BMX_3401,27/12/2021,899
BMX_1193,BMX_VENDING,BMX_3401,27/12/2021,12
BMX_1193,BMX_AUTOSERVICIOS,BMX_3401,03/01/2022,119
BMX_1193,BMX_HOGAR,BMX_3401,03/01/2022,6
BMX_1193,BMX_ON PREMISE,BMX_3401,03/01/2022,32
BMX_1193,BMX_OTRAS TDC Y FARM,BMX_3401,03/01/2022,38
BMX_1193,BMX_OTRO AUTOSERVICIO LOCAL,BMX_3401,03/01/2022,142
BMX_1193,BMX_OXXO,BMX_3401,03/01/2022,206
BMX_1193,BMX_TRADICIONAL,BMX_3401,03/01/2022,916
BMX_1193,BMX_VENDING,BMX_3401,03/01/2022,14
BMX_1193,BMX_AUTOSERVICIOS,BMX_3401,10/01/2022,66
BMX_1193,BMX_HOGAR,BMX_3401,10/01/2022,2
BMX_1193,BMX_ON PREMISE,BMX_3401,10/01/2022,25
BMX_1193,BMX_OTRAS TDC Y FARM,BMX_3401,10/01/2022,34
BMX_1193,BMX_OTRO AUTOSERVICIO LOCAL,BMX_3401,10/01/2022,143
BMX_1193,BMX_OXXO,BMX_3401,10/01/2022,269
BMX_1193,BMX_TRADICIONAL,BMX_3401,10/01/2022,942
BMX_1193,BMX_VENDING,BMX_3401,10/01/2022,13
BMX_1193,BMX_AUTOSERVICIOS,BMX_3401,17/01/2022,106
BMX_1193,BMX_HOGAR,BMX_3401,17/01/2022,9
BMX_1193,BMX_ON PREMISE,BMX_3401,17/01/2022,26
BMX_1193,BMX_OTRAS TDC Y FARM,BMX_3401,17/01/2022,53
BMX_1193,BMX_OTRO AUTOSERVICIO LOCAL,BMX_3401,17/01/2022,135
BMX_1193,BMX_OXXO,BMX_3401,17/01/2022,275
BMX_1193,BMX_TRADICIONAL,BMX_3401,17/01/2022,986
BMX_1193,BMX_VENDING,BMX_3401,17/01/2022,15
BMX_1193,BMX_AUTOSERVICIOS,BMX_3401,24/01/2022,73
BMX_1193,BMX_HOGAR,BMX_3401,24/01/2022,4
BMX_1193,BMX_ON PREMISE,BMX_3401,24/01/2022,31
BMX_1193,BMX_OTRAS TDC Y FARM,BMX_3401,24/01/2022,52
BMX_1193,BMX_OTRO AUTOSERVICIO LOCAL,BMX_3401,24/01/2022,126
BMX_1193,BMX_OXXO,BMX_3401,24/01/2022,304
BMX_1193,BMX_TRADICIONAL,BMX_3401,24/01/2022,949
BMX_1193,BMX_VENDING,BMX_3401,24/01/2022,17
BMX_1193,BMX_AUTOSERVICIOS,BMX_3401,31/01/2022,103
BMX_1193,BMX_HOGAR,BMX_3401,31/01/2022,5
BMX_1193,BMX_ON PREMISE,BMX_3401,31/01/2022,37
BMX_1193,BMX_OTRAS TDC Y FARM,BMX_3401,31/01/2022,56
BMX_1193,BMX_OTRO AUTOSERVICIO LOCAL,BMX_3401,31/01/2022,144
BMX_1193,BMX_OXXO,BMX_3401,31/01/2022,254
BMX_1193,BMX_TRADICIONAL,BMX_3401,31/01/2022,1025
BMX_1193,BMX_VENDING,BMX_3401,31/01/2022,10
BMX_1193,BMX_AUTOSERVICIOS,BMX_3401,07/02/2022,97
BMX_1193,BMX_HOGAR,BMX_3401,07/02/2022,7
BMX_1193,BMX_ON PREMISE,BMX_3401,07/02/2022,44
BMX_1193,BMX_OTRAS TDC Y FARM,BMX_3401,07/02/2022,41
BMX_1193,BMX_OTRO AUTOSERVICIO LOCAL,BMX_3401,07/02/2022,132
BMX_1193,BMX_OXXO,BMX_3401,07/02/2022,301
BMX_1193,BMX_TRADICIONAL,BMX_3401,07/02/2022,1145
BMX_1193,BMX_VENDING,BMX_3401,07/02/2022,17
BMX_1193,BMX_AUTOSERVICIOS,BMX_3401,14/02/2022,117
BMX_1193,BMX_HOGAR,BMX_3401,14/02/2022,7
BMX_1193,BMX_ON PREMISE,BMX_3401,14/02/2022,39
BMX_1193,BMX_OTRAS TDC Y FARM,BMX_3401,14/02/2022,66
BMX_1193,BMX_OTRO AUTOSERVICIO LOCAL,BMX_3401,14/02/2022,151
BMX_1193,BMX_OXXO,BMX_3401,14/02/2022,296
BMX_1193,BMX_TRADICIONAL,BMX_3401,14/02/2022,1189
BMX_1193,BMX_VENDING,BMX_3401,14/02/2022,14
BMX_1193,BMX_AUTOSERVICIOS,BMX_3401,21/02/2022,102
BMX_1193,BMX_HOGAR,BMX_3401,21/02/2022,5
BMX_1193,BMX_ON PREMISE,BMX_3401,21/02/2022,35
BMX_1193,BMX_OTRAS TDC Y FARM,BMX_3401,21/02/2022,60
BMX_1193,BMX_OTRO AUTOSERVICIO LOCAL,BMX_3401,21/02/2022,155
BMX_1193,BMX_OXXO,BMX_3401,21/02/2022,343
BMX_1193,BMX_TRADICIONAL,BMX_3401,21/02/2022,1236
BMX_1193,BMX_VENDING,BMX_3401,21/02/2022,17
BMX_1193,BMX_AUTOSERVICIOS,BMX_3401,28/02/2022,89
BMX_1193,BMX_HOGAR,BMX_3401,28/02/2022,6
BMX_1193,BMX_ON PREMISE,BMX_3401,28/02/2022,49
BMX_1193,BMX_OTRAS TDC Y FARM,BMX_3401,28/02/2022,56
BMX_1193,BMX_OTRO AUTOSERVICIO LOCAL,BMX_3401,28/02/2022,138
BMX_1193,BMX_OXXO,BMX_3401,28/02/2022,269
BMX_1193,BMX_TRADICIONAL,BMX_3401,28/02/2022,1233
BMX_1193,BMX_VENDING,BMX_3401,28/02/2022,19
BMX_1193,BMX_AUTOSERVICIOS,BMX_3401,07/03/2022,110
BMX_1193,BMX_HOGAR,BMX_3401,07/03/2022,6
BMX_1193,BMX_ON PREMISE,BMX_3401,07/03/2022,52
BMX_1193,BMX_OTRAS TDC Y FARM,BMX_3401,07/03/2022,46
BMX_1193,BMX_OTRO AUTOSERVICIO LOCAL,BMX_3401,07/03/2022,164
BMX_1193,BMX_OXXO,BMX_3401,07/03/2022,318
BMX_1193,BMX_TRADICIONAL,BMX_3401,07/03/2022,1299
BMX_1193,BMX_VENDING,BMX_3401,07/03/2022,18
BMX_1193,BMX_AUTOSERVICIOS,BMX_3401,14/03/2022,107
BMX_1193,BMX_HOGAR,BMX_3401,14/03/2022,6
BMX_1193,BMX_ON PREMISE,BMX_3401,14/03/2022,45
BMX_1193,BMX_OTRAS TDC Y FARM,BMX_3401,14/03/2022,66
BMX_1193,BMX_OTRO AUTOSERVICIO LOCAL,BMX_3401,14/03/2022,174
BMX_1193,BMX_OXXO,BMX_3401,14/03/2022,321
BMX_1193,BMX_TRADICIONAL,BMX_3401,14/03/2022,1346
BMX_1193,BMX_VENDING,BMX_3401,14/03/2022,20
BMX_1193,BMX_AUTOSERVICIOS,BMX_3401,21/03/2022,89
BMX_1193,BMX_HOGAR,BMX_3401,21/03/2022,6
BMX_1193,BMX_ON PREMISE,BMX_3401,21/03/2022,60
BMX_1193,BMX_OTRAS TDC Y FARM,BMX_3401,21/03/2022,74
BMX_1193,BMX_OTRO AUTOSERVICIO LOCAL,BMX_3401,21/03/2022,160
BMX_1193,BMX_OXXO,BMX_3401,21/03/2022,370
BMX_1193,BMX_TRADICIONAL,BMX_3401,21/03/2022,1275
BMX_1193,BMX_VENDING,BMX_3401,21/03/2022,14
BMX_1193,BMX_AUTOSERVICIOS,BMX_3401,28/03/2022,123
BMX_1193,BMX_HOGAR,BMX_3401,28/03/2022,7
BMX_1193,BMX_ON PREMISE,BMX_3401,28/03/2022,22
BMX_1193,BMX_OTRAS TDC Y FARM,BMX_3401,28/03/2022,52
BMX_1193,BMX_OTRO AUTOSERVICIO LOCAL,BMX_3401,28/03/2022,162
BMX_1193,BMX_OXXO,BMX_3401,28/03/2022,338
BMX_1193,BMX_TRADICIONAL,BMX_3401,28/03/2022,1303
BMX_1193,BMX_VENDING,BMX_3401,28/03/2022,18
BMX_1193,BMX_AUTOSERVICIOS,BMX_3401,04/04/2022,69
BMX_1193,BMX_HOGAR,BMX_3401,04/04/2022,6
BMX_1193,BMX_ON PREMISE,BMX_3401,04/04/2022,36
BMX_1193,BMX_OTRAS TDC Y FARM,BMX_3401,04/04/2022,84
BMX_1193,BMX_OTRO AUTOSERVICIO LOCAL,BMX_3401,04/04/2022,185
BMX_1193,BMX_OXXO,BMX_3401,04/04/2022,398
BMX_1193,BMX_TRADICIONAL,BMX_3401,04/04/2022,1454
BMX_1193,BMX_VENDING,BMX_3401,04/04/2022,15
BMX_1193,BMX_AUTOSERVICIOS,BMX_3401,11/04/2022,142
BMX_1193,BMX_HOGAR,BMX_3401,11/04/2022,2
BMX_1193,BMX_ON PREMISE,BMX_3401,11/04/2022,46
BMX_1193,BMX_OTRAS TDC Y FARM,BMX_3401,11/04/2022,68
BMX_1193,BMX_OTRO AUTOSERVICIO LOCAL,BMX_3401,11/04/2022,155
BMX_1193,BMX_OXXO,BMX_3401,11/04/2022,392
BMX_1193,BMX_TRADICIONAL,BMX_3401,11/04/2022,1174
BMX_1193,BMX_VENDING,BMX_3401,11/04/2022,10
BMX_1193,BMX_AUTOSERVICIOS,BMX_3401,18/04/2022,80
BMX_1193,BMX_HOGAR,BMX_3401,18/04/2022,16
BMX_1193,BMX_ON PREMISE,BMX_3401,18/04/2022,41
BMX_1193,BMX_OTRAS TDC Y FARM,BMX_3401,18/04/2022,51
BMX_1193,BMX_OTRO AUTOSERVICIO LOCAL,BMX_3401,18/04/2022,188
BMX_1193,BMX_OXXO,BMX_3401,18/04/2022,333
BMX_1193,BMX_TRADICIONAL,BMX_3401,18/04/2022,1278
BMX_1193,BMX_VENDING,BMX_3401,18/04/2022,12
BMX_1193,BMX_AUTOSERVICIOS,BMX_3401,25/04/2022,115
BMX_1193,BMX_HOGAR,BMX_3401,25/04/2022,5
BMX_1193,BMX_ON PREMISE,BMX_3401,25/04/2022,46
BMX_1193,BMX_OTRAS TDC Y FARM,BMX_3401,25/04/2022,65
BMX_1193,BMX_OTRO AUTOSERVICIO LOCAL,BMX_3401,25/04/2022,159
BMX_1193,BMX_OXXO,BMX_3401,25/04/2022,325
BMX_1193,BMX_TRADICIONAL,BMX_3401,25/04/2022,1229
BMX_1193,BMX_VENDING,BMX_3401,25/04/2022,15
BMX_1193,BMX_AUTOSERVICIOS,BMX_3401,02/05/2022,128
BMX_1193,BMX_HOGAR,BMX_3401,02/05/2022,8
BMX_1193,BMX_ON PREMISE,BMX_3401,02/05/2022,55
BMX_1193,BMX_OTRAS TDC Y FARM,BMX_3401,02/05/2022,64
BMX_1193,BMX_OTRO AUTOSERVICIO LOCAL,BMX_3401,02/05/2022,182
BMX_1193,BMX_OXXO,BMX_3401,02/05/2022,334
BMX_1193,BMX_TRADICIONAL,BMX_3401,02/05/2022,1410
BMX_1193,BMX_VENDING,BMX_3401,02/05/2022,21
BMX_1193,BMX_AUTOSERVICIOS,BMX_3401,09/05/2022,103
BMX_1193,BMX_HOGAR,BMX_3401,09/05/2022,4
BMX_1193,BMX_ON PREMISE,BMX_3401,09/05/2022,25
BMX_1193,BMX_OTRAS TDC Y FARM,BMX_3401,09/05/2022,85
BMX_1193,BMX_OTRO AUTOSERVICIO LOCAL,BMX_3401,09/05/2022,152
BMX_1193,BMX_OXXO,BMX_3401,09/05/2022,419
BMX_1193,BMX_TRADICIONAL,BMX_3401,09/05/2022,1276
BMX_1193,BMX_VENDING,BMX_3401,09/05/2022,16
BMX_1193,BMX_AUTOSERVICIOS,BMX_3401,16/05/2022,150
BMX_1193,BMX_HOGAR,BMX_3401,16/05/2022,2
BMX_1193,BMX_ON PREMISE,BMX_3401,16/05/2022,48
BMX_1193,BMX_OTRAS TDC Y FARM,BMX_3401,16/05/2022,54
BMX_1193,BMX_OTRO AUTOSERVICIO LOCAL,BMX_3401,16/05/2022,201
BMX_1193,BMX_OXXO,BMX_3401,16/05/2022,345
BMX_1193,BMX_TRADICIONAL,BMX_3401,16/05/2022,1271
BMX_1193,BMX_VENDING,BMX_3401,16/05/2022,19
BMX_1193,BMX_AUTOSERVICIOS,BMX_3401,23/05/2022,111
BMX_1193,BMX_HOGAR,BMX_3401,23/05/2022,5
BMX_1193,BMX_ON PREMISE,BMX_3401,23/05/2022,51
BMX_1193,BMX_OTRAS TDC Y FARM,BMX_3401,23/05/2022,54
BMX_1193,BMX_OTRO AUTOSERVICIO LOCAL,BMX_3401,23/05/2022,182
BMX_1193,BMX_OXXO,BMX_3401,23/05/2022,477
BMX_1193,BMX_TRADICIONAL,BMX_3401,23/05/2022,1296
BMX_1193,BMX_VENDING,BMX_3401,23/05/2022,19
BMX_1193,BMX_AUTOSERVICIOS,BMX_3401,30/05/2022,147
BMX_1193,BMX_ON PREMISE,BMX_3401,30/05/2022,37
BMX_1193,BMX_OTRAS TDC Y FARM,BMX_3401,30/05/2022,71
BMX_1193,BMX_OTRO AUTOSERVICIO LOCAL,BMX_3401,30/05/2022,184
BMX_1193,BMX_OXXO,BMX_3401,30/05/2022,426
BMX_1193,BMX_TRADICIONAL,BMX_3401,30/05/2022,1354
BMX_1193,BMX_VENDING,BMX_3401,30/05/2022,18
BMX_1193,BMX_AUTOSERVICIOS,BMX_3401,06/06/2022,122
BMX_1193,BMX_HOGAR,BMX_3401,06/06/2022,9
BMX_1193,BMX_ON PREMISE,BMX_3401,06/06/2022,42
BMX_1193,BMX_OTRAS TDC Y FARM,BMX_3401,06/06/2022,67
BMX_1193,BMX_OTRO AUTOSERVICIO LOCAL,BMX_3401,06/06/2022,190
BMX_1193,BMX_OXXO,BMX_3401,06/06/2022,257
BMX_1193,BMX_TRADICIONAL,BMX_3401,06/06/2022,1260
BMX_1193,BMX_VENDING,BMX_3401,06/06/2022,18
BMX_1193,BMX_AUTOSERVICIOS,BMX_3401,13/06/2022,113
BMX_1193,BMX_HOGAR,BMX_3401,13/06/2022,3
BMX_1193,BMX_ON PREMISE,BMX_3401,13/06/2022,59
BMX_1193,BMX_OTRAS TDC Y FARM,BMX_3401,13/06/2022,56
BMX_1193,BMX_OTRO AUTOSERVICIO LOCAL,BMX_3401,13/06/2022,172
BMX_1193,BMX_OXXO,BMX_3401,13/06/2022,419
BMX_1193,BMX_TRADICIONAL,BMX_3401,13/06/2022,1374
BMX_1193,BMX_VENDING,BMX_3401,13/06/2022,18
BMX_1193,BMX_AUTOSERVICIOS,BMX_3401,20/06/2022,129
BMX_1193,BMX_HOGAR,BMX_3401,20/06/2022,7
BMX_1193,BMX_ON PREMISE,BMX_3401,20/06/2022,53
BMX_1193,BMX_OTRAS TDC Y FARM,BMX_3401,20/06/2022,62
BMX_1193,BMX_OTRO AUTOSERVICIO LOCAL,BMX_3401,20/06/2022,191
BMX_1193,BMX_OXXO,BMX_3401,20/06/2022,323
BMX_1193,BMX_TRADICIONAL,BMX_3401,20/06/2022,1220
BMX_1193,BMX_VENDING,BMX_3401,20/06/2022,21
BMX_1193,BMX_AUTOSERVICIOS,BMX_3401,27/06/2022,117
BMX_1193,BMX_HOGAR,BMX_3401,27/06/2022,6
BMX_1193,BMX_ON PREMISE,BMX_3401,27/06/2022,44
BMX_1193,BMX_OTRAS TDC Y FARM,BMX_3401,27/06/2022,77
BMX_1193,BMX_OTRO AUTOSERVICIO LOCAL,BMX_3401,27/06/2022,187
BMX_1193,BMX_OXXO,BMX_3401,27/06/2022,356
BMX_1193,BMX_TRADICIONAL,BMX_3401,27/06/2022,1245
BMX_1193,BMX_VENDING,BMX_3401,27/06/2022,15
BMX_1193,BMX_AUTOSERVICIOS,BMX_3401,04/07/2022,119
BMX_1193,BMX_HOGAR,BMX_3401,04/07/2022,3
BMX_1193,BMX_ON PREMISE,BMX_3401,04/07/2022,60
BMX_1193,BMX_OTRAS TDC Y FARM,BMX_3401,04/07/2022,57
BMX_1193,BMX_OTRO AUTOSERVICIO LOCAL,BMX_3401,04/07/2022,193
BMX_1193,BMX_OXXO,BMX_3401,04/07/2022,326
BMX_1193,BMX_TRADICIONAL,BMX_3401,04/07/2022,1207
BMX_1193,BMX_VENDING,BMX_3401,04/07/2022,14
BMX_1193,BMX_AUTOSERVICIOS,BMX_3401,11/07/2022,114
BMX_1193,BMX_HOGAR,BMX_3401,11/07/2022,11
BMX_1193,BMX_ON PREMISE,BMX_3401,11/07/2022,39
BMX_1193,BMX_OTRAS TDC Y FARM,BMX_3401,11/07/2022,79
BMX_1193,BMX_OTRO AUTOSERVICIO LOCAL,BMX_3401,11/07/2022,182
BMX_1193,BMX_OXXO,BMX_3401,11/07/2022,336
BMX_1193,BMX_TRADICIONAL,BMX_3401,11/07/2022,1166
BMX_1193,BMX_VENDING,BMX_3401,11/07/2022,15
BMX_1193,BMX_AUTOSERVICIOS,BMX_3401,18/07/2022,129
BMX_1193,BMX_HOGAR,BMX_3401,18/07/2022,8
BMX_1193,BMX_ON PREMISE,BMX_3401,18/07/2022,39
BMX_1193,BMX_OTRAS TDC Y FARM,BMX_3401,18/07/2022,56
BMX_1193,BMX_OTRO AUTOSERVICIO LOCAL,BMX_3401,18/07/2022,121
BMX_1193,BMX_OXXO,BMX_3401,18/07/2022,308
BMX_1193,BMX_TRADICIONAL,BMX_3401,18/07/2022,1215
BMX_1193,BMX_VENDING,BMX_3401,18/07/2022,13
BMX_1193,BMX_AUTOSERVICIOS,BMX_3401,25/07/2022,132
BMX_1193,BMX_HOGAR,BMX_3401,25/07/2022,10
BMX_1193,BMX_ON PREMISE,BMX_3401,25/07/2022,35
BMX_1193,BMX_OTRAS TDC Y FARM,BMX_3401,25/07/2022,59
BMX_1193,BMX_OTRO AUTOSERVICIO LOCAL,BMX_3401,25/07/2022,129
BMX_1193,BMX_OXXO,BMX_3401,25/07/2022,381
BMX_1193,BMX_TRADICIONAL,BMX_3401,25/07/2022,1093
BMX_1193,BMX_VENDING,BMX_3401,25/07/2022,15
BMX_1193,BMX_AUTOSERVICIOS,BMX_3401,01/08/2022,107
BMX_1193,BMX_HOGAR,BMX_3401,01/08/2022,5
BMX_1193,BMX_ON PREMISE,BMX_3401,01/08/2022,27
BMX_1193,BMX_OTRAS TDC Y FARM,BMX_3401,01/08/2022,63
BMX_1193,BMX_OTRO AUTOSERVICIO LOCAL,BMX_3401,01/08/2022,115
BMX_1193,BMX_OXXO,BMX_3401,01/08/2022,280
BMX_1193,BMX_TRADICIONAL,BMX_3401,01/08/2022,1043
BMX_1193,BMX_VENDING,BMX_3401,01/08/2022,15
BMX_1193,BMX_AUTOSERVICIOS,BMX_3401,08/08/2022,98
BMX_1193,BMX_HOGAR,BMX_3401,08/08/2022,12
BMX_1193,BMX_ON PREMISE,BMX_3401,08/08/2022,38
BMX_1193,BMX_OTRAS TDC Y FARM,BMX_3401,08/08/2022,58
BMX_1193,BMX_OTRO AUTOSERVICIO LOCAL,BMX_3401,08/08/2022,176
BMX_1193,BMX_OXXO,BMX_3401,08/08/2022,351
BMX_1193,BMX_TRADICIONAL,BMX_3401,08/08/2022,1169
BMX_1193,BMX_VENDING,BMX_3401,08/08/2022,12
BMX_1193,BMX_AUTOSERVICIOS,BMX_3401,15/08/2022,126
BMX_1193,BMX_HOGAR,BMX_3401,15/08/2022,4
BMX_1193,BMX_ON PREMISE,BMX_3401,15/08/2022,65
BMX_1193,BMX_OTRAS TDC Y FARM,BMX_3401,15/08/2022,74
BMX_1193,BMX_OTRO AUTOSERVICIO LOCAL,BMX_3401,15/08/2022,179
BMX_1193,BMX_OXXO,BMX_3401,15/08/2022,367
BMX_1193,BMX_TRADICIONAL,BMX_3401,15/08/2022,1180
BMX_1193,BMX_AUTOSERVICIOS,BMX_3401,22/08/2022,100
BMX_1193,BMX_HOGAR,BMX_3401,22/08/2022,4
BMX_1193,BMX_ON PREMISE,BMX_3401,22/08/2022,23
BMX_1193,BMX_OTRAS TDC Y FARM,BMX_3401,22/08/2022,76
BMX_1193,BMX_OTRO AUTOSERVICIO LOCAL,BMX_3401,22/08/2022,153
BMX_1193,BMX_OXXO,BMX_3401,22/08/2022,425
BMX_1193,BMX_TRADICIONAL,BMX_3401,22/08/2022,1148
BMX_1193,BMX_AUTOSERVICIOS,BMX_3401,29/08/2022,114
BMX_1193,BMX_HOGAR,BMX_3401,29/08/2022,10
BMX_1193,BMX_ON PREMISE,BMX_3401,29/08/2022,42
BMX_1193,BMX_OTRAS TDC Y FARM,BMX_3401,29/08/2022,60
BMX_1193,BMX_OTRO AUTOSERVICIO LOCAL,BMX_3401,29/08/2022,167
BMX_1193,BMX_OXXO,BMX_3401,29/08/2022,268
BMX_1193,BMX_TRADICIONAL,BMX_3401,29/08/2022,1141
BMX_1193,BMX_AUTOSERVICIOS,BMX_3401,05/09/2022,146
BMX_1193,BMX_HOGAR,BMX_3401,05/09/2022,20
BMX_1193,BMX_ON PREMISE,BMX_3401,05/09/2022,43
BMX_1193,BMX_OTRAS TDC Y FARM,BMX_3401,05/09/2022,61
BMX_1193,BMX_OTRO AUTOSERVICIO LOCAL,BMX_3401,05/09/2022,154
BMX_1193,BMX_OXXO,BMX_3401,05/09/2022,308
BMX_1193,BMX_TRADICIONAL,BMX_3401,05/09/2022,1161
BMX_1193,BMX_AUTOSERVICIOS,BMX_3401,12/09/2022,94
BMX_1193,BMX_HOGAR,BMX_3401,12/09/2022,14
BMX_1193,BMX_ON PREMISE,BMX_3401,12/09/2022,49
BMX_1193,BMX_OTRAS TDC Y FARM,BMX_3401,12/09/2022,60
BMX_1193,BMX_OTRO AUTOSERVICIO LOCAL,BMX_3401,12/09/2022,129
BMX_1193,BMX_OXXO,BMX_3401,12/09/2022,315
BMX_1193,BMX_TRADICIONAL,BMX_3401,12/09/2022,1132
BMX_1193,BMX_AUTOSERVICIOS,BMX_3401,19/09/2022,123
BMX_1193,BMX_HOGAR,BMX_3401,19/09/2022,6
BMX_1193,BMX_ON PREMISE,BMX_3401,19/09/2022,35
BMX_1193,BMX_OTRAS TDC Y FARM,BMX_3401,19/09/2022,62
BMX_1193,BMX_OTRO AUTOSERVICIO LOCAL,BMX_3401,19/09/2022,145
BMX_1193,BMX_OXXO,BMX_3401,19/09/2022,330
BMX_1193,BMX_TRADICIONAL,BMX_3401,19/09/2022,1093
BMX_1193,BMX_AUTOSERVICIOS,BMX_3401,26/09/2022,115
BMX_1193,BMX_HOGAR,BMX_3401,26/09/2022,9
BMX_1193,BMX_ON PREMISE,BMX_3401,26/09/2022,51
BMX_1193,BMX_OTRAS TDC Y FARM,BMX_3401,26/09/2022,51
BMX_1193,BMX_OTRO AUTOSERVICIO LOCAL,BMX_3401,26/09/2022,158
BMX_1193,BMX_OXXO,BMX_3401,26/09/2022,353
BMX_1193,BMX_TRADICIONAL,BMX_3401,26/09/2022,1332
BMX_1193,BMX_AUTOSERVICIOS,BMX_3401,03/10/2022,85
BMX_1193,BMX_HOGAR,BMX_3401,03/10/2022,4
BMX_1193,BMX_ON PREMISE,BMX_3401,03/10/2022,58
BMX_1193,BMX_OTRAS TDC Y FARM,BMX_3401,03/10/2022,64
BMX_1193,BMX_OTRO AUTOSERVICIO LOCAL,BMX_3401,03/10/2022,140
BMX_1193,BMX_OXXO,BMX_3401,03/10/2022,292
BMX_1193,BMX_TRADICIONAL,BMX_3401,03/10/2022,1235
BMX_1193,BMX_AUTOSERVICIOS,BMX_3401,10/10/2022,114
BMX_1193,BMX_HOGAR,BMX_3401,10/10/2022,7
BMX_1193,BMX_ON PREMISE,BMX_3401,10/10/2022,48
BMX_1193,BMX_OTRAS TDC Y FARM,BMX_3401,10/10/2022,62
BMX_1193,BMX_OTRO AUTOSERVICIO LOCAL,BMX_3401,10/10/2022,114
BMX_1193,BMX_OXXO,BMX_3401,10/10/2022,338
BMX_1193,BMX_TRADICIONAL,BMX_3401,10/10/2022,1214
BMX_1193,BMX_AUTOSERVICIOS,BMX_3401,17/10/2022,97
BMX_1193,BMX_HOGAR,BMX_3401,17/10/2022,28
BMX_1193,BMX_ON PREMISE,BMX_3401,17/10/2022,50
BMX_1193,BMX_OTRAS TDC Y FARM,BMX_3401,17/10/2022,74
BMX_1193,BMX_OTRO AUTOSERVICIO LOCAL,BMX_3401,17/10/2022,119
BMX_1193,BMX_OXXO,BMX_3401,17/10/2022,352
BMX_1193,BMX_TRADICIONAL,BMX_3401,17/10/2022,1276
BMX_1193,BMX_AUTOSERVICIOS,BMX_3401,24/10/2022,76
BMX_1193,BMX_HOGAR,BMX_3401,24/10/2022,4
BMX_1193,BMX_ON PREMISE,BMX_3401,24/10/2022,49
BMX_1193,BMX_OTRAS TDC Y FARM,BMX_3401,24/10/2022,55
BMX_1193,BMX_OTRO AUTOSERVICIO LOCAL,BMX_3401,24/10/2022,147
BMX_1193,BMX_OXXO,BMX_3401,24/10/2022,332
BMX_1193,BMX_TRADICIONAL,BMX_3401,24/10/2022,1161
BMX_1193,BMX_AUTOSERVICIOS,BMX_3401,31/10/2022,123
BMX_1193,BMX_HOGAR,BMX_3401,31/10/2022,9
BMX_1193,BMX_ON PREMISE,BMX_3401,31/10/2022,50
BMX_1193,BMX_OTRAS TDC Y FARM,BMX_3401,31/10/2022,58
BMX_1193,BMX_OTRO AUTOSERVICIO LOCAL,BMX_3401,31/10/2022,138
BMX_1193,BMX_OXXO,BMX_3401,31/10/2022,223
BMX_1193,BMX_TRADICIONAL,BMX_3401,31/10/2022,1155
BMX_1193,BMX_AUTOSERVICIOS,BMX_3401,07/11/2022,99
BMX_1193,BMX_HOGAR,BMX_3401,07/11/2022,15
BMX_1193,BMX_ON PREMISE,BMX_3401,07/11/2022,59
BMX_1193,BMX_OTRAS TDC Y FARM,BMX_3401,07/11/2022,77
BMX_1193,BMX_OTRO AUTOSERVICIO LOCAL,BMX_3401,07/11/2022,121
BMX_1193,BMX_OXXO,BMX_3401,07/11/2022,315
BMX_1193,BMX_TRADICIONAL,BMX_3401,07/11/2022,1068
BMX_1193,BMX_AUTOSERVICIOS,BMX_3401,14/11/2022,103
BMX_1193,BMX_HOGAR,BMX_3401,14/11/2022,15
BMX_1193,BMX_ON PREMISE,BMX_3401,14/11/2022,73
BMX_1193,BMX_OTRAS TDC Y FARM,BMX_3401,14/11/2022,61
BMX_1193,BMX_OTRO AUTOSERVICIO LOCAL,BMX_3401,14/11/2022,92
BMX_1193,BMX_OXXO,BMX_3401,14/11/2022,305
BMX_1193,BMX_TRADICIONAL,BMX_3401,14/11/2022,1152
BMX_1193,BMX_AUTOSERVICIOS,BMX_3401,21/11/2022,95
BMX_1193,BMX_HOGAR,BMX_3401,21/11/2022,3
BMX_1193,BMX_ON PREMISE,BMX_3401,21/11/2022,63
BMX_1193,BMX_OTRAS TDC Y FARM,BMX_3401,21/11/2022,57
BMX_1193,BMX_OTRO AUTOSERVICIO LOCAL,BMX_3401,21/11/2022,144
BMX_1193,BMX_OXXO,BMX_3401,21/11/2022,270
BMX_1193,BMX_TRADICIONAL,BMX_3401,21/11/2022,1031
BMX_1193,BMX_AUTOSERVICIOS,BMX_3401,28/11/2022,86
BMX_1193,BMX_HOGAR,BMX_3401,28/11/2022,10
BMX_1193,BMX_ON PREMISE,BMX_3401,28/11/2022,56
BMX_1193,BMX_OTRAS TDC Y FARM,BMX_3401,28/11/2022,61
BMX_1193,BMX_OTRO AUTOSERVICIO LOCAL,BMX_3401,28/11/2022,129
BMX_1193,BMX_OXXO,BMX_3401,28/11/2022,292
BMX_1193,BMX_TRADICIONAL,BMX_3401,28/11/2022,1164
BMX_1193,BMX_AUTOSERVICIOS,BMX_3401,05/12/2022,99
BMX_1193,BMX_HOGAR,BMX_3401,05/12/2022,16
BMX_1193,BMX_ON PREMISE,BMX_3401,05/12/2022,84
BMX_1193,BMX_OTRAS TDC Y FARM,BMX_3401,05/12/2022,78
BMX_1193,BMX_OTRO AUTOSERVICIO LOCAL,BMX_3401,05/12/2022,122
BMX_1193,BMX_OXXO,BMX_3401,05/12/2022,348
BMX_1193,BMX_TRADICIONAL,BMX_3401,05/12/2022,1240
BMX_1193,BMX_AUTOSERVICIOS,BMX_3401,12/12/2022,97
BMX_1193,BMX_HOGAR,BMX_3401,12/12/2022,5
BMX_1193,BMX_ON PREMISE,BMX_3401,12/12/2022,50
BMX_1193,BMX_OTRAS TDC Y FARM,BMX_3401,12/12/2022,49
BMX_1193,BMX_OTRO AUTOSERVICIO LOCAL,BMX_3401,12/12/2022,102
BMX_1193,BMX_OXXO,BMX_3401,12/12/2022,344
BMX_1193,BMX_TRADICIONAL,BMX_3401,12/12/2022,1090
BMX_1193,BMX_AUTOSERVICIOS,BMX_3401,19/12/2022,118
BMX_1193,BMX_HOGAR,BMX_3401,19/12/2022,6
BMX_1193,BMX_ON PREMISE,BMX_3401,19/12/2022,45
BMX_1193,BMX_OTRAS TDC Y FARM,BMX_3401,19/12/2022,56
BMX_1193,BMX_OTRO AUTOSERVICIO LOCAL,BMX_3401,19/12/2022,112
BMX_1193,BMX_OXXO,BMX_3401,19/12/2022,338
BMX_1193,BMX_TRADICIONAL,BMX_3401,19/12/2022,1011
BMX_1193,BMX_AUTOSERVICIOS,BMX_3401,26/12/2022,78
BMX_1193,BMX_HOGAR,BMX_3401,26/12/2022,12
BMX_1193,BMX_ON PREMISE,BMX_3401,26/12/2022,22
BMX_1193,BMX_OTRAS TDC Y FARM,BMX_3401,26/12/2022,50
BMX_1193,BMX_OTRO AUTOSERVICIO LOCAL,BMX_3401,26/12/2022,90
BMX_1193,BMX_OXXO,BMX_3401,26/12/2022,276
BMX_1193,BMX_TRADICIONAL,BMX_3401,26/12/2022,879
BMX_1193,BMX_AUTOSERVICIOS,BMX_3401,02/01/2023,82
BMX_1193,BMX_HOGAR,BMX_3401,02/01/2023,3
BMX_1193,BMX_ON PREMISE,BMX_3401,02/01/2023,24
BMX_1193,BMX_OTRAS TDC Y FARM,BMX_3401,02/01/2023,41
BMX_1193,BMX_OTRO AUTOSERVICIO LOCAL,BMX_3401,02/01/2023,85
BMX_1193,BMX_OXXO,BMX_3401,02/01/2023,191
BMX_1193,BMX_TRADICIONAL,BMX_3401,02/01/2023,816
BMX_1193,BMX_AUTOSERVICIOS,BMX_3401,09/01/2023,87
BMX_1193,BMX_HOGAR,BMX_3401,09/01/2023,10
BMX_1193,BMX_ON PREMISE,BMX_3401,09/01/2023,29
BMX_1193,BMX_OTRAS TDC Y FARM,BMX_3401,09/01/2023,47
BMX_1193,BMX_OTRO AUTOSERVICIO LOCAL,BMX_3401,09/01/2023,99
BMX_1193,BMX_OXXO,BMX_3401,09/01/2023,243
BMX_1193,BMX_TRADICIONAL,BMX_3401,09/01/2023,1003
BMX_1193,BMX_AUTOSERVICIOS,BMX_3401,16/01/2023,97
BMX_1193,BMX_HOGAR,BMX_3401,16/01/2023,9
BMX_1193,BMX_ON PREMISE,BMX_3401,16/01/2023,49
BMX_1193,BMX_OTRAS TDC Y FARM,BMX_3401,16/01/2023,71
BMX_1193,BMX_OTRO AUTOSERVICIO LOCAL,BMX_3401,16/01/2023,97
BMX_1193,BMX_OXXO,BMX_3401,16/01/2023,244
BMX_1193,BMX_TRADICIONAL,BMX_3401,16/01/2023,1114
BMX_1193,BMX_AUTOSERVICIOS,BMX_3401,23/01/2023,67
BMX_1193,BMX_HOGAR,BMX_3401,23/01/2023,4
BMX_1193,BMX_ON PREMISE,BMX_3401,23/01/2023,27
BMX_1193,BMX_OTRAS TDC Y FARM,BMX_3401,23/01/2023,61
BMX_1193,BMX_OTRO AUTOSERVICIO LOCAL,BMX_3401,23/01/2023,109
BMX_1193,BMX_OXXO,BMX_3401,23/01/2023,338
BMX_1193,BMX_TRADICIONAL,BMX_3401,23/01/2023,951
BMX_1193,BMX_AUTOSERVICIOS,BMX_3401,30/01/2023,64
BMX_1193,BMX_HOGAR,BMX_3401,30/01/2023,6
BMX_1193,BMX_ON PREMISE,BMX_3401,30/01/2023,62
BMX_1193,BMX_OTRAS TDC Y FARM,BMX_3401,30/01/2023,50
BMX_1193,BMX_OTRO AUTOSERVICIO LOCAL,BMX_3401,30/01/2023,94
BMX_1193,BMX_OXXO,BMX_3401,30/01/2023,294
BMX_1193,BMX_TRADICIONAL,BMX_3401,30/01/2023,974
BMX_1193,BMX_AUTOSERVICIOS,BMX_3401,06/02/2023,94
BMX_1193,BMX_CLUB DE PRECIOS,BMX_3401,06/02/2023,400
BMX_1193,BMX_HOGAR,BMX_3401,06/02/2023,2
BMX_1193,BMX_ON PREMISE,BMX_3401,06/02/2023,33
BMX_1193,BMX_OTRAS TDC Y FARM,BMX_3401,06/02/2023,60
BMX_1193,BMX_OTRO AUTOSERVICIO LOCAL,BMX_3401,06/02/2023,119
BMX_1193,BMX_OXXO,BMX_3401,06/02/2023,307
BMX_1193,BMX_TRADICIONAL,BMX_3401,06/02/2023,987
BMX_1193,BMX_AUTOSERVICIOS,BMX_3401,13/02/2023,72
BMX_1193,BMX_HOGAR,BMX_3401,13/02/2023,9
BMX_1193,BMX_ON PREMISE,BMX_3401,13/02/2023,43
BMX_1193,BMX_OTRAS TDC Y FARM,BMX_3401,13/02/2023,64
BMX_1193,BMX_OTRO AUTOSERVICIO LOCAL,BMX_3401,13/02/2023,127
BMX_1193,BMX_OXXO,BMX_3401,13/02/2023,332
BMX_1193,BMX_TRADICIONAL,BMX_3401,13/02/2023,1010
BMX_1193,BMX_AUTOSERVICIOS,BMX_3401,20/02/2023,70
BMX_1193,BMX_CLUB DE PRECIOS,BMX_3401,20/02/2023,0
BMX_1193,BMX_HOGAR,BMX_3401,20/02/2023,2
BMX_1193,BMX_ON PREMISE,BMX_3401,20/02/2023,76
BMX_1193,BMX_OTRAS TDC Y FARM,BMX_3401,20/02/2023,74
BMX_1193,BMX_OTRO AUTOSERVICIO LOCAL,BMX_3401,20/02/2023,93
BMX_1193,BMX_OXXO,BMX_3401,20/02/2023,334
BMX_1193,BMX_TRADICIONAL,BMX_3401,20/02/2023,851
BMX_1193,BMX_AUTOSERVICIOS,BMX_3401,27/02/2023,75
BMX_1193,BMX_HOGAR,BMX_3401,27/02/2023,12
BMX_1193,BMX_ON PREMISE,BMX_3401,27/02/2023,43
BMX_1193,BMX_OTRAS TDC Y FARM,BMX_3401,27/02/2023,57
BMX_1193,BMX_OTRO AUTOSERVICIO LOCAL,BMX_3401,27/02/2023,100
BMX_1193,BMX_OXXO,BMX_3401,27/02/2023,260
BMX_1193,BMX_TRADICIONAL,BMX_3401,27/02/2023,888
BMX_1193,BMX_AUTOSERVICIOS,BMX_3401,06/03/2023,77
BMX_1193,BMX_HOGAR,BMX_3401,06/03/2023,5
BMX_1193,BMX_ON PREMISE,BMX_3401,06/03/2023,47
BMX_1193,BMX_OTRAS TDC Y FARM,BMX_3401,06/03/2023,71
BMX_1193,BMX_OTRO AUTOSERVICIO LOCAL,BMX_3401,06/03/2023,124
BMX_1193,BMX_OXXO,BMX_3401,06/03/2023,314
BMX_1193,BMX_TRADICIONAL,BMX_3401,06/03/2023,1081
BMX_1193,BMX_AUTOSERVICIOS,BMX_3401,13/03/2023,95
BMX_1193,BMX_HOGAR,BMX_3401,13/03/2023,6
BMX_1193,BMX_ON PREMISE,BMX_3401,13/03/2023,50
BMX_1193,BMX_OTRAS TDC Y FARM,BMX_3401,13/03/2023,88
BMX_1193,BMX_OTRO AUTOSERVICIO LOCAL,BMX_3401,13/03/2023,124
BMX_1193,BMX_OXXO,BMX_3401,13/03/2023,367
BMX_1193,BMX_TRADICIONAL,BMX_3401,13/03/2023,1032
BMX_1193,BMX_AUTOSERVICIOS,BMX_3401,20/03/2023,86
BMX_1193,BMX_HOGAR,BMX_3401,20/03/2023,8
BMX_1193,BMX_ON PREMISE,BMX_3401,20/03/2023,57
BMX_1193,BMX_OTRAS TDC Y FARM,BMX_3401,20/03/2023,92
BMX_1193,BMX_OTRO AUTOSERVICIO LOCAL,BMX_3401,20/03/2023,139
BMX_1193,BMX_OXXO,BMX_3401,20/03/2023,347
BMX_1193,BMX_TRADICIONAL,BMX_3401,20/03/2023,989
BMX_1193,BMX_AUTOSERVICIOS,BMX_3401,27/03/2023,105
BMX_1193,BMX_HOGAR,BMX_3401,27/03/2023,2
BMX_1193,BMX_ON PREMISE,BMX_3401,27/03/2023,63
BMX_1193,BMX_OTRAS TDC Y FARM,BMX_3401,27/03/2023,86
BMX_1193,BMX_OTRO AUTOSERVICIO LOCAL,BMX_3401,27/03/2023,127
BMX_1193,BMX_OXXO,BMX_3401,27/03/2023,348
BMX_1193,BMX_TRADICIONAL,BMX_3401,27/03/2023,1000
BMX_1193,BMX_AUTOSERVICIOS,BMX_3401,03/04/2023,77
BMX_1193,BMX_HOGAR,BMX_3401,03/04/2023,5
BMX_1193,BMX_ON PREMISE,BMX_3401,03/04/2023,52
BMX_1193,BMX_OTRAS TDC Y FARM,BMX_3401,03/04/2023,70
BMX_1193,BMX_OTRO AUTOSERVICIO LOCAL,BMX_3401,03/04/2023,50
BMX_1193,BMX_OXXO,BMX_3401,03/04/2023,405
BMX_1193,BMX_TRADICIONAL,BMX_3401,03/04/2023,839
BMX_1193,BMX_AUTOSERVICIOS,BMX_3401,10/04/2023,78
BMX_1193,BMX_HOGAR,BMX_3401,10/04/2023,6
BMX_1193,BMX_ON PREMISE,BMX_3401,10/04/2023,41
BMX_1193,BMX_OTRAS TDC Y FARM,BMX_3401,10/04/2023,95
BMX_1193,BMX_OTRO AUTOSERVICIO LOCAL,BMX_3401,10/04/2023,92
BMX_1193,BMX_OXXO,BMX_3401,10/04/2023,266
BMX_1193,BMX_TRADICIONAL,BMX_3401,10/04/2023,987
BMX_1193,BMX_AUTOSERVICIOS,BMX_3401,17/04/2023,64
BMX_1193,BMX_HOGAR,BMX_3401,17/04/2023,7
BMX_1193,BMX_ON PREMISE,BMX_3401,17/04/2023,48
BMX_1193,BMX_OTRAS TDC Y FARM,BMX_3401,17/04/2023,117
BMX_1193,BMX_OTRO AUTOSERVICIO LOCAL,BMX_3401,17/04/2023,163
BMX_1193,BMX_OXXO,BMX_3401,17/04/2023,356
BMX_1193,BMX_TRADICIONAL,BMX_3401,17/04/2023,1068
BMX_1193,BMX_AUTOSERVICIOS,BMX_3401,24/04/2023,101
BMX_1193,BMX_HOGAR,BMX_3401,24/04/2023,8
BMX_1193,BMX_ON PREMISE,BMX_3401,24/04/2023,34
BMX_1193,BMX_OTRAS TDC Y FARM,BMX_3401,24/04/2023,116
BMX_1193,BMX_OTRO AUTOSERVICIO LOCAL,BMX_3401,24/04/2023,151
BMX_1193,BMX_OXXO,BMX_3401,24/04/2023,440
BMX_1193,BMX_TRADICIONAL,BMX_3401,24/04/2023,1219
BMX_1193,BMX_AUTOSERVICIOS,BMX_3401,01/05/2023,96
BMX_1193,BMX_HOGAR,BMX_3401,01/05/2023,5
BMX_1193,BMX_ON PREMISE,BMX_3401,01/05/2023,74
BMX_1193,BMX_OTRAS TDC Y FARM,BMX_3401,01/05/2023,91
BMX_1193,BMX_OTRO AUTOSERVICIO LOCAL,BMX_3401,01/05/2023,109
BMX_1193,BMX_OXXO,BMX_3401,01/05/2023,247
BMX_1193,BMX_TRADICIONAL,BMX_3401,01/05/2023,1033
BMX_1193,BMX_AUTOSERVICIOS,BMX_3401,08/05/2023,89
BMX_1193,BMX_HOGAR,BMX_3401,08/05/2023,7
BMX_1193,BMX_ON PREMISE,BMX_3401,08/05/2023,48
BMX_1193,BMX_OTRAS TDC Y FARM,BMX_3401,08/05/2023,90
BMX_1193,BMX_OTRO AUTOSERVICIO LOCAL,BMX_3401,08/05/2023,165
BMX_1193,BMX_OXXO,BMX_3401,08/05/2023,391
BMX_1193,BMX_TRADICIONAL,BMX_3401,08/05/2023,1033
BMX_1193,BMX_AUTOSERVICIOS,BMX_3401,15/05/2023,108
BMX_1193,BMX_HOGAR,BMX_3401,15/05/2023,3
BMX_1193,BMX_ON PREMISE,BMX_3401,15/05/2023,59
BMX_1193,BMX_OTRAS TDC Y FARM,BMX_3401,15/05/2023,103
BMX_1193,BMX_OTRO AUTOSERVICIO LOCAL,BMX_3401,15/05/2023,162
BMX_1193,BMX_OXXO,BMX_3401,15/05/2023,374
BMX_1193,BMX_TRADICIONAL,BMX_3401,15/05/2023,1055
BMX_1193,BMX_AUTOSERVICIOS,BMX_3401,22/05/2023,86
BMX_1193,BMX_HOGAR,BMX_3401,22/05/2023,6
BMX_1193,BMX_ON PREMISE,BMX_3401,22/05/2023,73
BMX_1193,BMX_OTRAS TDC Y FARM,BMX_3401,22/05/2023,98
BMX_1193,BMX_OTRO AUTOSERVICIO LOCAL,BMX_3401,22/05/2023,146
BMX_1193,BMX_OXXO,BMX_3401,22/05/2023,372
BMX_1193,BMX_TRADICIONAL,BMX_3401,22/05/2023,1233
BMX_1193,BMX_AUTOSERVICIOS,BMX_3401,29/05/2023,112
BMX_1193,BMX_HOGAR,BMX_3401,29/05/2023,7
BMX_1193,BMX_ON PREMISE,BMX_3401,29/05/2023,56
BMX_1193,BMX_OTRAS TDC Y FARM,BMX_3401,29/05/2023,99
BMX_1193,BMX_OTRO AUTOSERVICIO LOCAL,BMX_3401,29/05/2023,156
BMX_1193,BMX_OXXO,BMX_3401,29/05/2023,326
BMX_1193,BMX_TRADICIONAL,BMX_3401,29/05/2023,998
BMX_1193,BMX_AUTOSERVICIOS,BMX_3401,05/06/2023,93
BMX_1193,BMX_HOGAR,BMX_3401,05/06/2023,5
BMX_1193,BMX_ON PREMISE,BMX_3401,05/06/2023,55
BMX_1193,BMX_OTRAS TDC Y FARM,BMX_3401,05/06/2023,92
BMX_1193,BMX_OTRO AUTOSERVICIO LOCAL,BMX_3401,05/06/2023,134
BMX_1193,BMX_OXXO,BMX_3401,05/06/2023,375
BMX_1193,BMX_TRADICIONAL,BMX_3401,05/06/2023,932
BMX_1193,BMX_AUTOSERVICIOS,BMX_3401,12/06/2023,78
BMX_1193,BMX_HOGAR,BMX_3401,12/06/2023,9
BMX_1193,BMX_ON PREMISE,BMX_3401,12/06/2023,53
BMX_1193,BMX_OTRAS TDC Y FARM,BMX_3401,12/06/2023,87
BMX_1193,BMX_OTRO AUTOSERVICIO LOCAL,BMX_3401,12/06/2023,146
BMX_1193,BMX_OXXO,BMX_3401,12/06/2023,350
BMX_1193,BMX_TRADICIONAL,BMX_3401,12/06/2023,1095
BMX_1193,BMX_AUTOSERVICIOS,BMX_3401,19/06/2023,109
BMX_1193,BMX_HOGAR,BMX_3401,19/06/2023,6
BMX_1193,BMX_ON PREMISE,BMX_3401,19/06/2023,32
BMX_1193,BMX_OTRAS TDC Y FARM,BMX_3401,19/06/2023,122
BMX_1193,BMX_OTRO AUTOSERVICIO LOCAL,BMX_3401,19/06/2023,196
BMX_1193,BMX_OXXO,BMX_3401,19/06/2023,452
BMX_1193,BMX_TRADICIONAL,BMX_3401,19/06/2023,1011
BMX_1193,BMX_AUTOSERVICIOS,BMX_3401,26/06/2023,108
BMX_1193,BMX_HOGAR,BMX_3401,26/06/2023,2
BMX_1193,BMX_ON PREMISE,BMX_3401,26/06/2023,49
BMX_1193,BMX_OTRAS TDC Y FARM,BMX_3401,26/06/2023,90
BMX_1193,BMX_OTRO AUTOSERVICIO LOCAL,BMX_3401,26/06/2023,181
BMX_1193,BMX_OXXO,BMX_3401,26/06/2023,352
BMX_1193,BMX_TRADICIONAL,BMX_3401,26/06/2023,1035
BMX_1193,BMX_AUTOSERVICIOS,BMX_3401,03/07/2023,86
BMX_1193,BMX_HOGAR,BMX_3401,03/07/2023,9
BMX_1193,BMX_ON PREMISE,BMX_3401,03/07/2023,67
BMX_1193,BMX_OTRAS TDC Y FARM,BMX_3401,03/07/2023,110
BMX_1193,BMX_OTRO AUTOSERVICIO LOCAL,BMX_3401,03/07/2023,142
BMX_1193,BMX_OXXO,BMX_3401,03/07/2023,360
BMX_1193,BMX_TRADICIONAL,BMX_3401,03/07/2023,935
BMX_1193,BMX_AUTOSERVICIOS,BMX_3401,10/07/2023,102
BMX_1193,BMX_HOGAR,BMX_3401,10/07/2023,7
BMX_1193,BMX_ON PREMISE,BMX_3401,10/07/2023,70
BMX_1193,BMX_OTRAS TDC Y FARM,BMX_3401,10/07/2023,82
BMX_1193,BMX_OTRO AUTOSERVICIO LOCAL,BMX_3401,10/07/2023,172
BMX_1193,BMX_OXXO,BMX_3401,10/07/2023,362
BMX_1193,BMX_TRADICIONAL,BMX_3401,10/07/2023,1041
BMX_1193,BMX_AUTOSERVICIOS,BMX_3401,17/07/2023,105
BMX_1193,BMX_HOGAR,BMX_3401,17/07/2023,12
BMX_1193,BMX_ON PREMISE,BMX_3401,17/07/2023,46
BMX_1193,BMX_OTRAS TDC Y FARM,BMX_3401,17/07/2023,100
BMX_1193,BMX_OTRO AUTOSERVICIO LOCAL,BMX_3401,17/07/2023,174
BMX_1193,BMX_OXXO,BMX_3401,17/07/2023,350
BMX_1193,BMX_TRADICIONAL,BMX_3401,17/07/2023,1000
BMX_1193,BMX_AUTOSERVICIOS,BMX_3401,24/07/2023,97
BMX_1193,BMX_HOGAR,BMX_3401,24/07/2023,3
BMX_1193,BMX_ON PREMISE,BMX_3401,24/07/2023,36
BMX_1193,BMX_OTRAS TDC Y FARM,BMX_3401,24/07/2023,73
BMX_1193,BMX_OTRO AUTOSERVICIO LOCAL,BMX_3401,24/07/2023,154
BMX_1193,BMX_OXXO,BMX_3401,24/07/2023,315
BMX_1193,BMX_TRADICIONAL,BMX_3401,24/07/2023,916
BMX_1193,BMX_AUTOSERVICIOS,BMX_3401,31/07/2023,114
BMX_1193,BMX_HOGAR,BMX_3401,31/07/2023,8
BMX_1193,BMX_ON PREMISE,BMX_3401,31/07/2023,52
BMX_1193,BMX_OTRAS TDC Y FARM,BMX_3401,31/07/2023,75
BMX_1193,BMX_OTRO AUTOSERVICIO LOCAL,BMX_3401,31/07/2023,112
BMX_1193,BMX_OXXO,BMX_3401,31/07/2023,362
BMX_1193,BMX_TRADICIONAL,BMX_3401,31/07/2023,975
BMX_1193,BMX_AUTOSERVICIOS,BMX_3401,07/08/2023,107
BMX_1193,BMX_HOGAR,BMX_3401,07/08/2023,2
BMX_1193,BMX_ON PREMISE,BMX_3401,07/08/2023,40
BMX_1193,BMX_OTRAS TDC Y FARM,BMX_3401,07/08/2023,105
BMX_1193,BMX_OTRO AUTOSERVICIO LOCAL,BMX_3401,07/08/2023,143
BMX_1193,BMX_OXXO,BMX_3401,07/08/2023,366
BMX_1193,BMX_TRADICIONAL,BMX_3401,07/08/2023,1017
BMX_1193,BMX_AUTOSERVICIOS,BMX_3401,14/08/2023,74
BMX_1193,BMX_HOGAR,BMX_3401,14/08/2023,3
BMX_1193,BMX_ON PREMISE,BMX_3401,14/08/2023,40
BMX_1193,BMX_OTRAS TDC Y FARM,BMX_3401,14/08/2023,65
BMX_1193,BMX_OTRO AUTOSERVICIO LOCAL,BMX_3401,14/08/2023,98
BMX_1193,BMX_OXXO,BMX_3401,14/08/2023,270
BMX_1193,BMX_TRADICIONAL,BMX_3401,14/08/2023,707
BMX_1193,BMX_AUTOSERVICIOS,BMX_3401,21/08/2023,106
BMX_1193,BMX_HOGAR,BMX_3401,21/08/2023,9
BMX_1193,BMX_ON PREMISE,BMX_3401,21/08/2023,66
BMX_1193,BMX_OTRAS TDC Y FARM,BMX_3401,21/08/2023,94
BMX_1193,BMX_OTRO AUTOSERVICIO LOCAL,BMX_3401,21/08/2023,161
BMX_1193,BMX_OXXO,BMX_3401,21/08/2023,444
BMX_1193,BMX_TRADICIONAL,BMX_3401,21/08/2023,1085
BMX_1193,BMX_AUTOSERVICIOS,BMX_3401,28/08/2023,75
BMX_1193,BMX_HOGAR,BMX_3401,28/08/2023,4
BMX_1193,BMX_ON PREMISE,BMX_3401,28/08/2023,39
BMX_1193,BMX_OTRAS TDC Y FARM,BMX_3401,28/08/2023,77
BMX_1193,BMX_OTRO AUTOSERVICIO LOCAL,BMX_3401,28/08/2023,115
BMX_1193,BMX_OXXO,BMX_3401,28/08/2023,324
BMX_1193,BMX_TRADICIONAL,BMX_3401,28/08/2023,1067
BMX_1193,BMX_AUTOSERVICIOS,BMX_3401,04/09/2023,113
BMX_1193,BMX_HOGAR,BMX_3401,04/09/2023,8
BMX_1193,BMX_ON PREMISE,BMX_3401,04/09/2023,10
BMX_1193,BMX_OTRAS TDC Y FARM,BMX_3401,04/09/2023,43
BMX_1193,BMX_OTRO AUTOSERVICIO LOCAL,BMX_3401,04/09/2023,151
BMX_1193,BMX_OXXO,BMX_3401,04/09/2023,213
BMX_1193,BMX_TRADICIONAL,BMX_3401,04/09/2023,543
BMX_1193,BMX_AUTOSERVICIOS,BMX_3401,11/09/2023,56
BMX_1193,BMX_ON PREMISE,BMX_3401,11/09/2023,21
BMX_1193,BMX_OTRAS TDC Y FARM,BMX_3401,11/09/2023,93
BMX_1193,BMX_OTRO AUTOSERVICIO LOCAL,BMX_3401,11/09/2023,112
BMX_1193,BMX_OXXO,BMX_3401,11/09/2023,439
BMX_1193,BMX_TRADICIONAL,BMX_3401,11/09/2023,558
BMX_1193,BMX_AUTOSERVICIOS,BMX_3401,18/09/2023,102
BMX_1193,BMX_HOGAR,BMX_3401,18/09/2023,3
BMX_1193,BMX_ON PREMISE,BMX_3401,18/09/2023,60
BMX_1193,BMX_OTRAS TDC Y FARM,BMX_3401,18/09/2023,101
BMX_1193,BMX_OTRO AUTOSERVICIO LOCAL,BMX_3401,18/09/2023,100
BMX_1193,BMX_OXXO,BMX_3401,18/09/2023,405
BMX_1193,BMX_TRADICIONAL,BMX_3401,18/09/2023,1020
BMX_1193,BMX_AUTOSERVICIOS,BMX_3401,25/09/2023,111
BMX_1193,BMX_HOGAR,BMX_3401,25/09/2023,9
BMX_1193,BMX_ON PREMISE,BMX_3401,25/09/2023,70
BMX_1193,BMX_OTRAS TDC Y FARM,BMX_3401,25/09/2023,118
BMX_1193,BMX_OTRO AUTOSERVICIO LOCAL,BMX_3401,25/09/2023,119
BMX_1193,BMX_OXXO,BMX_3401,25/09/2023,411
BMX_1193,BMX_TRADICIONAL,BMX_3401,25/09/2023,1293
BMX_1193,BMX_AUTOSERVICIOS,BMX_3401,02/10/2023,98
BMX_1193,BMX_HOGAR,BMX_3401,02/10/2023,4
BMX_1193,BMX_ON PREMISE,BMX_3401,02/10/2023,47
BMX_1193,BMX_OTRAS TDC Y FARM,BMX_3401,02/10/2023,91
BMX_1193,BMX_OTRO AUTOSERVICIO LOCAL,BMX_3401,02/10/2023,110
BMX_1193,BMX_OXXO,BMX_3401,02/10/2023,388
BMX_1193,BMX_TRADICIONAL,BMX_3401,02/10/2023,1093
BMX_1193,BMX_AUTOSERVICIOS,BMX_3401,09/10/2023,83
BMX_1193,BMX_HOGAR,BMX_3401,09/10/2023,7
BMX_1193,BMX_ON PREMISE,BMX_3401,09/10/2023,33
BMX_1193,BMX_OTRAS TDC Y FARM,BMX_3401,09/10/2023,73
BMX_1193,BMX_OTRO AUTOSERVICIO LOCAL,BMX_3401,09/10/2023,122
BMX_1193,BMX_OXXO,BMX_3401,09/10/2023,295
BMX_1193,BMX_TRADICIONAL,BMX_3401,09/10/2023,978
BMX_1193,BMX_AUTOSERVICIOS,BMX_3401,16/10/2023,100
BMX_1193,BMX_HOGAR,BMX_3401,16/10/2023,7
BMX_1193,BMX_ON PREMISE,BMX_3401,16/10/2023,88
BMX_1193,BMX_OTRAS TDC Y FARM,BMX_3401,16/10/2023,112
BMX_1193,BMX_OTRO AUTOSERVICIO LOCAL,BMX_3401,16/10/2023,142
BMX_1193,BMX_OXXO,BMX_3401,16/10/2023,416
BMX_1193,BMX_TRADICIONAL,BMX_3401,16/10/2023,1317
BMX_1193,BMX_AUTOSERVICIOS,BMX_3401,23/10/2023,104
BMX_1193,BMX_HOGAR,BMX_3401,23/10/2023,4
BMX_1193,BMX_ON PREMISE,BMX_3401,23/10/2023,51
BMX_1193,BMX_OTRAS TDC Y FARM,BMX_3401,23/10/2023,100
BMX_1193,BMX_OTRO AUTOSERVICIO LOCAL,BMX_3401,23/10/2023,101
BMX_1193,BMX_OXXO,BMX_3401,23/10/2023,355
BMX_1193,BMX_TRADICIONAL,BMX_3401,23/10/2023,1074
BMX_1193,BMX_AUTOSERVICIOS,BMX_3401,30/10/2023,97
BMX_1193,BMX_HOGAR,BMX_3401,30/10/2023,4
BMX_1193,BMX_ON PREMISE,BMX_3401,30/10/2023,93
BMX_1193,BMX_OTRAS TDC Y FARM,BMX_3401,30/10/2023,81
BMX_1193,BMX_OTRO AUTOSERVICIO LOCAL,BMX_3401,30/10/2023,100
BMX_1193,BMX_OXXO,BMX_3401,30/10/2023,357
BMX_1193,BMX_TRADICIONAL,BMX_3401,30/10/2023,988
BMX_1193,BMX_AUTOSERVICIOS,BMX_3401,06/11/2023,82
BMX_1193,BMX_HOGAR,BMX_3401,06/11/2023,6
BMX_1193,BMX_ON PREMISE,BMX_3401,06/11/2023,108
BMX_1193,BMX_OTRAS TDC Y FARM,BMX_3401,06/11/2023,94
BMX_1193,BMX_OTRO AUTOSERVICIO LOCAL,BMX_3401,06/11/2023,101
BMX_1193,BMX_OXXO,BMX_3401,06/11/2023,395
BMX_1193,BMX_TRADICIONAL,BMX_3401,06/11/2023,1057
BMX_1193,BMX_AUTOSERVICIOS,BMX_3401,13/11/2023,86
BMX_1193,BMX_HOGAR,BMX_3401,13/11/2023,6
BMX_1193,BMX_ON PREMISE,BMX_3401,13/11/2023,69
BMX_1193,BMX_OTRAS TDC Y FARM,BMX_3401,13/11/2023,92
BMX_1193,BMX_OTRO AUTOSERVICIO LOCAL,BMX_3401,13/11/2023,121
BMX_1193,BMX_OXXO,BMX_3401,13/11/2023,361
BMX_1193,BMX_TRADICIONAL,BMX_3401,13/11/2023,1008
BMX_1193,BMX_AUTOSERVICIOS,BMX_3401,20/11/2023,96
BMX_1193,BMX_HOGAR,BMX_3401,20/11/2023,13
BMX_1193,BMX_ON PREMISE,BMX_3401,20/11/2023,63
BMX_1193,BMX_OTRAS TDC Y FARM,BMX_3401,20/11/2023,90
BMX_1193,BMX_OTRO AUTOSERVICIO LOCAL,BMX_3401,20/11/2023,111
BMX_1193,BMX_OXXO,BMX_3401,20/11/2023,336
BMX_1193,BMX_TRADICIONAL,BMX_3401,20/11/2023,878
BMX_1193,BMX_AUTOSERVICIOS,BMX_3401,27/11/2023,63
BMX_1193,BMX_HOGAR,BMX_3401,27/11/2023,1
BMX_1193,BMX_ON PREMISE,BMX_3401,27/11/2023,171
BMX_1193,BMX_OTRAS TDC Y FARM,BMX_3401,27/11/2023,85
BMX_1193,BMX_OTRO AUTOSERVICIO LOCAL,BMX_3401,27/11/2023,90
BMX_1193,BMX_OXXO,BMX_3401,27/11/2023,301
BMX_1193,BMX_TRADICIONAL,BMX_3401,27/11/2023,943
BMX_1193,BMX_AUTOSERVICIOS,BMX_3401,04/12/2023,82
BMX_1193,BMX_HOGAR,BMX_3401,04/12/2023,12
BMX_1193,BMX_ON PREMISE,BMX_3401,04/12/2023,42
BMX_1193,BMX_OTRAS TDC Y FARM,BMX_3401,04/12/2023,86
BMX_1193,BMX_OTRO AUTOSERVICIO LOCAL,BMX_3401,04/12/2023,100
BMX_1193,BMX_OXXO,BMX_3401,04/12/2023,310
BMX_1193,BMX_TRADICIONAL,BMX_3401,04/12/2023,965
BMX_1193,BMX_AUTOSERVICIOS,BMX_3401,11/12/2023,75
BMX_1193,BMX_HOGAR,BMX_3401,11/12/2023,6
BMX_1193,BMX_ON PREMISE,BMX_3401,11/12/2023,27
BMX_1193,BMX_OTRAS TDC Y FARM,BMX_3401,11/12/2023,86
BMX_1193,BMX_OTRO AUTOSERVICIO LOCAL,BMX_3401,11/12/2023,130
BMX_1193,BMX_OXXO,BMX_3401,11/12/2023,326
BMX_1193,BMX_TRADICIONAL,BMX_3401,11/12/2023,992
BMX_1193,BMX_AUTOSERVICIOS,BMX_3401,18/12/2023,98
BMX_1193,BMX_HOGAR,BMX_3401,18/12/2023,12
BMX_1193,BMX_ON PREMISE,BMX_3401,18/12/2023,46
BMX_1193,BMX_OTRAS TDC Y FARM,BMX_3401,18/12/2023,90
BMX_1193,BMX_OTRO AUTOSERVICIO LOCAL,BMX_3401,18/12/2023,141
BMX_1193,BMX_OXXO,BMX_3401,18/12/2023,396
BMX_1193,BMX_TRADICIONAL,BMX_3401,18/12/2023,981
BMX_1193,BMX_AUTOSERVICIOS,BMX_3401,25/12/2023,75
BMX_1193,BMX_HOGAR,BMX_3401,25/12/2023,3
BMX_1193,BMX_ON PREMISE,BMX_3401,25/12/2023,16
BMX_1193,BMX_OTRAS TDC Y FARM,BMX_3401,25/12/2023,77
BMX_1193,BMX_OTRO AUTOSERVICIO LOCAL,BMX_3401,25/12/2023,30
BMX_1193,BMX_OXXO,BMX_3401,25/12/2023,275
BMX_1193,BMX_TRADICIONAL,BMX_3401,25/12/2023,675
BMX_1193,BMX_AUTOSERVICIOS,BMX_3401,01/01/2024,63
BMX_1193,BMX_HOGAR,BMX_3401,01/01/2024,1
BMX_1193,BMX_ON PREMISE,BMX_3401,01/01/2024,12
BMX_1193,BMX_OTRAS TDC Y FARM,BMX_3401,01/01/2024,25
BMX_1193,BMX_OTRO AUTOSERVICIO LOCAL,BMX_3401,01/01/2024,105
BMX_1193,BMX_OXXO,BMX_3401,01/01/2024,187
BMX_1193,BMX_TRADICIONAL,BMX_3401,01/01/2024,586
BMX_1193,BMX_AUTOSERVICIOS,BMX_3401,08/01/2024,56
BMX_1193,BMX_HOGAR,BMX_3401,08/01/2024,8
BMX_1193,BMX_ON PREMISE,BMX_3401,08/01/2024,19
BMX_1193,BMX_OTRAS TDC Y FARM,BMX_3401,08/01/2024,76
BMX_1193,BMX_OTRO AUTOSERVICIO LOCAL,BMX_3401,08/01/2024,101
BMX_1193,BMX_OXXO,BMX_3401,08/01/2024,264
BMX_1193,BMX_TRADICIONAL,BMX_3401,08/01/2024,781
BMX_1193,BMX_AUTOSERVICIOS,BMX_3401,15/01/2024,60
BMX_1193,BMX_HOGAR,BMX_3401,15/01/2024,4
BMX_1193,BMX_ON PREMISE,BMX_3401,15/01/2024,52
BMX_1193,BMX_OTRAS TDC Y FARM,BMX_3401,15/01/2024,71
BMX_1193,BMX_OTRO AUTOSERVICIO LOCAL,BMX_3401,15/01/2024,111
BMX_1193,BMX_OXXO,BMX_3401,15/01/2024,308
BMX_1193,BMX_TRADICIONAL,BMX_3401,15/01/2024,733
BMX_1193,BMX_AUTOSERVICIOS,BMX_3401,22/01/2024,53
BMX_1193,BMX_HOGAR,BMX_3401,22/01/2024,6
BMX_1193,BMX_ON PREMISE,BMX_3401,22/01/2024,77
BMX_1193,BMX_OTRAS TDC Y FARM,BMX_3401,22/01/2024,82
BMX_1193,BMX_OTRO AUTOSERVICIO LOCAL,BMX_3401,22/01/2024,122
BMX_1193,BMX_OXXO,BMX_3401,22/01/2024,287
BMX_1193,BMX_TRADICIONAL,BMX_3401,22/01/2024,817
BMX_1193,BMX_AUTOSERVICIOS,BMX_3401,29/01/2024,75
BMX_1193,BMX_HOGAR,BMX_3401,29/01/2024,2
BMX_1193,BMX_ON PREMISE,BMX_3401,29/01/2024,48
BMX_1193,BMX_OTRAS TDC Y FARM,BMX_3401,29/01/2024,77
BMX_1193,BMX_OTRO AUTOSERVICIO LOCAL,BMX_3401,29/01/2024,100
BMX_1193,BMX_OXXO,BMX_3401,29/01/2024,292
BMX_1193,BMX_TRADICIONAL,BMX_3401,29/01/2024,819
BMX_1193,BMX_AUTOSERVICIOS,BMX_3401,05/02/2024,68
BMX_1193,BMX_HOGAR,BMX_3401,05/02/2024,2
BMX_1193,BMX_ON PREMISE,BMX_3401,05/02/2024,58
BMX_1193,BMX_OTRAS TDC Y FARM,BMX_3401,05/02/2024,72
BMX_1193,BMX_OTRO AUTOSERVICIO LOCAL,BMX_3401,05/02/2024,109
BMX_1193,BMX_OXXO,BMX_3401,05/02/2024,308
BMX_1193,BMX_TRADICIONAL,BMX_3401,05/02/2024,828
BMX_1193,BMX_AUTOSERVICIOS,BMX_3401,12/02/2024,64
BMX_1193,BMX_HOGAR,BMX_3401,12/02/2024,13
BMX_1193,BMX_ON PREMISE,BMX_3401,12/02/2024,63
BMX_1193,BMX_OTRAS TDC Y FARM,BMX_3401,12/02/2024,70
BMX_1193,BMX_OTRO AUTOSERVICIO LOCAL,BMX_3401,12/02/2024,90
BMX_1193,BMX_OXXO,BMX_3401,12/02/2024,257
BMX_1193,BMX_TRADICIONAL,BMX_3401,12/02/2024,861
BMX_1193,BMX_AUTOSERVICIOS,BMX_3401,19/02/2024,82
BMX_1193,BMX_HOGAR,BMX_3401,19/02/2024,1
BMX_1193,BMX_ON PREMISE,BMX_3401,19/02/2024,65
BMX_1193,BMX_OTRAS TDC Y FARM,BMX_3401,19/02/2024,91
BMX_1193,BMX_OTRO AUTOSERVICIO LOCAL,BMX_3401,19/02/2024,133
BMX_1193,BMX_OXXO,BMX_3401,19/02/2024,304
BMX_1193,BMX_TRADICIONAL,BMX_3401,19/02/2024,861
BMX_1193,BMX_AUTOSERVICIOS,BMX_3401,26/02/2024,86
BMX_1193,BMX_HOGAR,BMX_3401,26/02/2024,1
BMX_1193,BMX_ON PREMISE,BMX_3401,26/02/2024,57
BMX_1193,BMX_OTRAS TDC Y FARM,BMX_3401,26/02/2024,70
BMX_1193,BMX_OTRO AUTOSERVICIO LOCAL,BMX_3401,26/02/2024,150
BMX_1193,BMX_OXXO,BMX_3401,26/02/2024,358
BMX_1193,BMX_TRADICIONAL,BMX_3401,26/02/2024,800
BMX_1193,BMX_AUTOSERVICIOS,BMX_3401,04/03/2024,64
BMX_1193,BMX_HOGAR,BMX_3401,04/03/2024,5
BMX_1193,BMX_ON PREMISE,BMX_3401,04/03/2024,56
BMX_1193,BMX_OTRAS TDC Y FARM,BMX_3401,04/03/2024,91
BMX_1193,BMX_OTRO AUTOSERVICIO LOCAL,BMX_3401,04/03/2024,113
BMX_1193,BMX_OXXO,BMX_3401,04/03/2024,342
BMX_1193,BMX_TRADICIONAL,BMX_3401,04/03/2024,879
BMX_1193,BMX_AUTOSERVICIOS,BMX_3401,11/03/2024,57
BMX_1193,BMX_HOGAR,BMX_3401,11/03/2024,2
BMX_1193,BMX_ON PREMISE,BMX_3401,11/03/2024,49
BMX_1193,BMX_OTRAS TDC Y FARM,BMX_3401,11/03/2024,67
BMX_1193,BMX_OTRO AUTOSERVICIO LOCAL,BMX_3401,11/03/2024,104
BMX_1193,BMX_OXXO,BMX_3401,11/03/2024,371
BMX_1193,BMX_TRADICIONAL,BMX_3401,11/03/2024,910
BMX_1193,BMX_AUTOSERVICIOS,BMX_3401,18/03/2024,54
BMX_1193,BMX_HOGAR,BMX_3401,18/03/2024,4
BMX_1193,BMX_ON PREMISE,BMX_3401,18/03/2024,63
BMX_1193,BMX_OTRAS TDC Y FARM,BMX_3401,18/03/2024,69
BMX_1193,BMX_OTRO AUTOSERVICIO LOCAL,BMX_3401,18/03/2024,110
BMX_1193,BMX_OXXO,BMX_3401,18/03/2024,306
BMX_1193,BMX_TRADICIONAL,BMX_3401,18/03/2024,826
BMX_1193,BMX_AUTOSERVICIOS,BMX_3401,25/03/2024,66
BMX_1193,BMX_ON PREMISE,BMX_3401,25/03/2024,50
BMX_1193,BMX_OTRAS TDC Y FARM,BMX_3401,25/03/2024,86
BMX_1193,BMX_OTRO AUTOSERVICIO LOCAL,BMX_3401,25/03/2024,100
BMX_1193,BMX_OXXO,BMX_3401,25/03/2024,328
BMX_1193,BMX_TRADICIONAL,BMX_3401,25/03/2024,663
BMX_1193,BMX_AUTOSERVICIOS,BMX_3401,01/04/2024,81
BMX_1193,BMX_HOGAR,BMX_3401,01/04/2024,3
BMX_1193,BMX_ON PREMISE,BMX_3401,01/04/2024,54
BMX_1193,BMX_OTRAS TDC Y FARM,BMX_3401,01/04/2024,65
BMX_1193,BMX_OTRO AUTOSERVICIO LOCAL,BMX_3401,01/04/2024,90
BMX_1193,BMX_OXXO,BMX_3401,01/04/2024,249
BMX_1193,BMX_TRADICIONAL,BMX_3401,01/04/2024,748
BMX_1193,BMX_AUTOSERVICIOS,BMX_3401,08/04/2024,73
BMX_1193,BMX_HOGAR,BMX_3401,08/04/2024,5
BMX_1193,BMX_ON PREMISE,BMX_3401,08/04/2024,53
BMX_1193,BMX_OTRAS TDC Y FARM,BMX_3401,08/04/2024,93
BMX_1193,BMX_OTRO AUTOSERVICIO LOCAL,BMX_3401,08/04/2024,130
BMX_1193,BMX_OXXO,BMX_3401,08/04/2024,373
BMX_1193,BMX_TRADICIONAL,BMX_3401,08/04/2024,783
BMX_1193,BMX_AUTOSERVICIOS,BMX_3401,15/04/2024,76
BMX_1193,BMX_HOGAR,BMX_3401,15/04/2024,5
BMX_1193,BMX_ON PREMISE,BMX_3401,15/04/2024,54
BMX_1193,BMX_OTRAS TDC Y FARM,BMX_3401,15/04/2024,99
BMX_1193,BMX_OTRO AUTOSERVICIO LOCAL,BMX_3401,15/04/2024,130
BMX_1193,BMX_OXXO,BMX_3401,15/04/2024,396
BMX_1193,BMX_TRADICIONAL,BMX_3401,15/04/2024,802
BMX_1193,BMX_AUTOSERVICIOS,BMX_3401,22/04/2024,46
BMX_1193,BMX_HOGAR,BMX_3401,22/04/2024,2
BMX_1193,BMX_ON PREMISE,BMX_3401,22/04/2024,68
BMX_1193,BMX_OTRAS TDC Y FARM,BMX_3401,22/04/2024,95
BMX_1193,BMX_OTRO AUTOSERVICIO LOCAL,BMX_3401,22/04/2024,100
BMX_1193,BMX_OXXO,BMX_3401,22/04/2024,420
BMX_1193,BMX_TRADICIONAL,BMX_3401,22/04/2024,868
BMX_1193,BMX_AUTOSERVICIOS,BMX_3401,29/04/2024,74
BMX_1193,BMX_HOGAR,BMX_3401,29/04/2024,4
BMX_1193,BMX_ON PREMISE,BMX_3401,29/04/2024,53
BMX_1193,BMX_OTRAS TDC Y FARM,BMX_3401,29/04/2024,72
BMX_1193,BMX_OTRO AUTOSERVICIO LOCAL,BMX_3401,29/04/2024,140
BMX_1193,BMX_OXXO,BMX_3401,29/04/2024,317
BMX_1193,BMX_TRADICIONAL,BMX_3401,29/04/2024,730
BMX_1193,BMX_AUTOSERVICIOS,BMX_3401,06/05/2024,69
BMX_1193,BMX_HOGAR,BMX_3401,06/05/2024,4
BMX_1193,BMX_ON PREMISE,BMX_3401,06/05/2024,93
BMX_1193,BMX_OTRAS TDC Y FARM,BMX_3401,06/05/2024,86
BMX_1193,BMX_OTRO AUTOSERVICIO LOCAL,BMX_3401,06/05/2024,110
BMX_1193,BMX_OXXO,BMX_3401,06/05/2024,349
BMX_1193,BMX_TRADICIONAL,BMX_3401,06/05/2024,871
BMX_1193,BMX_AUTOSERVICIOS,BMX_3401,13/05/2024,93
BMX_1193,BMX_ON PREMISE,BMX_3401,13/05/2024,38
BMX_1193,BMX_OTRAS TDC Y FARM,BMX_3401,13/05/2024,88
BMX_1193,BMX_OTRO AUTOSERVICIO LOCAL,BMX_3401,13/05/2024,100
BMX_1193,BMX_OXXO,BMX_3401,13/05/2024,369
BMX_1193,BMX_TRADICIONAL,BMX_3401,13/05/2024,910
BMX_1193,BMX_AUTOSERVICIOS,BMX_3401,20/05/2024,69
BMX_1193,BMX_ON PREMISE,BMX_3401,20/05/2024,60
BMX_1193,BMX_OTRAS TDC Y FARM,BMX_3401,20/05/2024,95
BMX_1193,BMX_OTRO AUTOSERVICIO LOCAL,BMX_3401,20/05/2024,121
BMX_1193,BMX_OXXO,BMX_3401,20/05/2024,359
BMX_1193,BMX_TRADICIONAL,BMX_3401,20/05/2024,791
BMX_1193,BMX_AUTOSERVICIOS,BMX_3401,27/05/2024,75
BMX_1193,BMX_HOGAR,BMX_3401,27/05/2024,3
BMX_1193,BMX_ON PREMISE,BMX_3401,27/05/2024,52
BMX_1193,BMX_OTRAS TDC Y FARM,BMX_3401,27/05/2024,78
BMX_1193,BMX_OTRO AUTOSERVICIO LOCAL,BMX_3401,27/05/2024,124
BMX_1193,BMX_OXXO,BMX_3401,27/05/2024,383
BMX_1193,BMX_TRADICIONAL,BMX_3401,27/05/2024,745
BMX_1193,BMX_AUTOSERVICIOS,BMX_3401,03/06/2024,95
BMX_1193,BMX_ON PREMISE,BMX_3401,03/06/2024,59
BMX_1193,BMX_OTRAS TDC Y FARM,BMX_3401,03/06/2024,79
BMX_1193,BMX_OTRO AUTOSERVICIO LOCAL,BMX_3401,03/06/2024,93
BMX_1193,BMX_OXXO,BMX_3401,03/06/2024,363
BMX_1193,BMX_TRADICIONAL,BMX_3401,03/06/2024,857
BMX_1193,BMX_AUTOSERVICIOS,BMX_3401,10/06/2024,78
BMX_1193,BMX_HOGAR,BMX_3401,10/06/2024,8
BMX_1193,BMX_ON PREMISE,BMX_3401,10/06/2024,69
BMX_1193,BMX_OTRAS TDC Y FARM,BMX_3401,10/06/2024,96
BMX_1193,BMX_OTRO AUTOSERVICIO LOCAL,BMX_3401,10/06/2024,133
BMX_1193,BMX_OXXO,BMX_3401,10/06/2024,390
BMX_1193,BMX_TRADICIONAL,BMX_3401,10/06/2024,802
BMX_1193,BMX_AUTOSERVICIOS,BMX_3401,17/06/2024,103
BMX_1193,BMX_ON PREMISE,BMX_3401,17/06/2024,44
BMX_1193,BMX_OTRAS TDC Y FARM,BMX_3401,17/06/2024,84
BMX_1193,BMX_OTRO AUTOSERVICIO LOCAL,BMX_3401,17/06/2024,132
BMX_1193,BMX_OXXO,BMX_3401,17/06/2024,300
BMX_1193,BMX_TRADICIONAL,BMX_3401,17/06/2024,790
BMX_1193,BMX_AUTOSERVICIOS,BMX_3401,24/06/2024,48
BMX_1193,BMX_ON PREMISE,BMX_3401,24/06/2024,53
BMX_1193,BMX_OTRAS TDC Y FARM,BMX_3401,24/06/2024,84
BMX_1193,BMX_OTRO AUTOSERVICIO LOCAL,BMX_3401,24/06/2024,130
BMX_1193,BMX_OXXO,BMX_3401,24/06/2024,323
BMX_1193,BMX_TRADICIONAL,BMX_3401,24/06/2024,743
BMX_1193,BMX_AUTOSERVICIOS,BMX_3401,01/07/2024,82
BMX_1193,BMX_HOGAR,BMX_3401,01/07/2024,4
BMX_1193,BMX_ON PREMISE,BMX_3401,01/07/2024,49
BMX_1193,BMX_OTRAS TDC Y FARM,BMX_3401,01/07/2024,74
BMX_1193,BMX_OTRO AUTOSERVICIO LOCAL,BMX_3401,01/07/2024,78
BMX_1193,BMX_OXXO,BMX_3401,01/07/2024,318
BMX_1193,BMX_TRADICIONAL,BMX_3401,01/07/2024,766
BMX_1193,BMX_AUTOSERVICIOS,BMX_3401,08/07/2024,43
BMX_1193,BMX_HOGAR,BMX_3401,08/07/2024,2
BMX_1193,BMX_ON PREMISE,BMX_3401,08/07/2024,48
BMX_1193,BMX_OTRAS TDC Y FARM,BMX_3401,08/07/2024,92
BMX_1193,BMX_OTRO AUTOSERVICIO LOCAL,BMX_3401,08/07/2024,145
BMX_1193,BMX_OXXO,BMX_3401,08/07/2024,288
BMX_1193,BMX_TRADICIONAL,BMX_3401,08/07/2024,832
BMX_1193,BMX_AUTOSERVICIOS,BMX_3401,15/07/2024,51
BMX_1193,BMX_HOGAR,BMX_3401,15/07/2024,20
BMX_1193,BMX_ON PREMISE,BMX_3401,15/07/2024,64
BMX_1193,BMX_OTRAS TDC Y FARM,BMX_3401,15/07/2024,84
BMX_1193,BMX_OTRO AUTOSERVICIO LOCAL,BMX_3401,15/07/2024,135
BMX_1193,BMX_OXXO,BMX_3401,15/07/2024,316
BMX_1193,BMX_TRADICIONAL,BMX_3401,15/07/2024,794
BMX_1193,BMX_AUTOSERVICIOS,BMX_3401,22/07/2024,44
BMX_1193,BMX_ON PREMISE,BMX_3401,22/07/2024,64
BMX_1193,BMX_OTRAS TDC Y FARM,BMX_3401,22/07/2024,81
BMX_1193,BMX_OTRO AUTOSERVICIO LOCAL,BMX_3401,22/07/2024,96
BMX_1193,BMX_OXXO,BMX_3401,22/07/2024,336
BMX_1193,BMX_TRADICIONAL,BMX_3401,22/07/2024,875
BMX_1193,BMX_AUTOSERVICIOS,BMX_3401,29/07/2024,47
BMX_1193,BMX_HOGAR,BMX_3401,29/07/2024,3
BMX_1193,BMX_ON PREMISE,BMX_3401,29/07/2024,61
BMX_1193,BMX_OTRAS TDC Y FARM,BMX_3401,29/07/2024,73
BMX_1193,BMX_OTRO AUTOSERVICIO LOCAL,BMX_3401,29/07/2024,119
BMX_1193,BMX_OXXO,BMX_3401,29/07/2024,303
BMX_1193,BMX_TRADICIONAL,BMX_3401,29/07/2024,690
BMX_1193,BMX_AUTOSERVICIOS,BMX_3401,05/08/2024,54
BMX_1193,BMX_HOGAR,BMX_3401,05/08/2024,6
BMX_1193,BMX_ON PREMISE,BMX_3401,05/08/2024,50
BMX_1193,BMX_OTRAS TDC Y FARM,BMX_3401,05/08/2024,67
BMX_1193,BMX_OTRO AUTOSERVICIO LOCAL,BMX_3401,05/08/2024,109
BMX_1193,BMX_OXXO,BMX_3401,05/08/2024,284
BMX_1193,BMX_TRADICIONAL,BMX_3401,05/08/2024,751
BMX_1193,BMX_AUTOSERVICIOS,BMX_3401,12/08/2024,38
BMX_1193,BMX_HOGAR,BMX_3401,12/08/2024,2
BMX_1193,BMX_ON PREMISE,BMX_3401,12/08/2024,63
BMX_1193,BMX_OTRAS TDC Y FARM,BMX_3401,12/08/2024,80
BMX_1193,BMX_OTRO AUTOSERVICIO LOCAL,BMX_3401,12/08/2024,167
BMX_1193,BMX_OXXO,BMX_3401,12/08/2024,307
BMX_1193,BMX_TRADICIONAL,BMX_3401,12/08/2024,736
BMX_1193,BMX_AUTOSERVICIOS,BMX_3401,19/08/2024,45
BMX_1193,BMX_HOGAR,BMX_3401,19/08/2024,3
BMX_1193,BMX_ON PREMISE,BMX_3401,19/08/2024,69
BMX_1193,BMX_OTRAS TDC Y FARM,BMX_3401,19/08/2024,76
BMX_1193,BMX_OTRO AUTOSERVICIO LOCAL,BMX_3401,19/08/2024,108
BMX_1193,BMX_OXXO,BMX_3401,19/08/2024,284
BMX_1193,BMX_TRADICIONAL,BMX_3401,19/08/2024,705
BMX_1193,BMX_AUTOSERVICIOS,BMX_3401,26/08/2024,49
BMX_1193,BMX_HOGAR,BMX_3401,26/08/2024,1
BMX_1193,BMX_ON PREMISE,BMX_3401,26/08/2024,73
BMX_1193,BMX_OTRAS TDC Y FARM,BMX_3401,26/08/2024,92
BMX_1193,BMX_OTRO AUTOSERVICIO LOCAL,BMX_3401,26/08/2024,118
BMX_1193,BMX_OXXO,BMX_3401,26/08/2024,345
BMX_1193,BMX_TRADICIONAL,BMX_3401,26/08/2024,807
BMX_1193,BMX_AUTOSERVICIOS,BMX_3401,02/09/2024,59
BMX_1193,BMX_ON PREMISE,BMX_3401,02/09/2024,76
BMX_1193,BMX_OTRAS TDC Y FARM,BMX_3401,02/09/2024,74
BMX_1193,BMX_OTRO AUTOSERVICIO LOCAL,BMX_3401,02/09/2024,157
BMX_1193,BMX_OXXO,BMX_3401,02/09/2024,257
BMX_1193,BMX_TRADICIONAL,BMX_3401,02/09/2024,713
BMX_1193,BMX_AUTOSERVICIOS,BMX_3401,09/09/2024,37
BMX_1193,BMX_HOGAR,BMX_3401,09/09/2024,5
BMX_1193,BMX_ON PREMISE,BMX_3401,09/09/2024,73
BMX_1193,BMX_OTRAS TDC Y FARM,BMX_3401,09/09/2024,96
BMX_1193,BMX_OTRO AUTOSERVICIO LOCAL,BMX_3401,09/09/2024,129
BMX_1193,BMX_OXXO,BMX_3401,09/09/2024,367
BMX_1193,BMX_TRADICIONAL,BMX_3401,09/09/2024,782
BMX_1193,BMX_AUTOSERVICIOS,BMX_3401,16/09/2024,52
BMX_1193,BMX_HOGAR,BMX_3401,16/09/2024,2
BMX_1193,BMX_ON PREMISE,BMX_3401,16/09/2024,48
BMX_1193,BMX_OTRAS TDC Y FARM,BMX_3401,16/09/2024,61
BMX_1193,BMX_OTRO AUTOSERVICIO LOCAL,BMX_3401,16/09/2024,122
BMX_1193,BMX_OXXO,BMX_3401,16/09/2024,263
BMX_1193,BMX_TRADICIONAL,BMX_3401,16/09/2024,773
BMX_1193,BMX_AUTOSERVICIOS,BMX_3401,23/09/2024,49
BMX_1193,BMX_ON PREMISE,BMX_3401,23/09/2024,63
BMX_1193,BMX_OTRAS TDC Y FARM,BMX_3401,23/09/2024,80
BMX_1193,BMX_OTRO AUTOSERVICIO LOCAL,BMX_3401,23/09/2024,130
BMX_1193,BMX_OXXO,BMX_3401,23/09/2024,315
BMX_1193,BMX_TRADICIONAL,BMX_3401,23/09/2024,755
BMX_1193,BMX_AUTOSERVICIOS,BMX_3401,30/09/2024,35
BMX_1193,BMX_HOGAR,BMX_3401,30/09/2024,2
BMX_1193,BMX_ON PREMISE,BMX_3401,30/09/2024,64
BMX_1193,BMX_OTRAS TDC Y FARM,BMX_3401,30/09/2024,82
BMX_1193,BMX_OTRO AUTOSERVICIO LOCAL,BMX_3401,30/09/2024,121
BMX_1193,BMX_OXXO,BMX_3401,30/09/2024,281
BMX_1193,BMX_TRADICIONAL,BMX_3401,30/09/2024,689
BMX_1193,BMX_AUTOSERVICIOS,BMX_3401,07/10/2024,76
BMX_1193,BMX_HOGAR,BMX_3401,07/10/2024,5
BMX_1193,BMX_ON PREMISE,BMX_3401,07/10/2024,87
BMX_1193,BMX_OTRAS TDC Y FARM,BMX_3401,07/10/2024,73
BMX_1193,BMX_OTRO AUTOSERVICIO LOCAL,BMX_3401,07/10/2024,165
BMX_1193,BMX_OXXO,BMX_3401,07/10/2024,283
BMX_1193,BMX_TRADICIONAL,BMX_3401,07/10/2024,763
BMX_1193,BMX_AUTOSERVICIOS,BMX_3401,14/10/2024,29
BMX_1193,BMX_HOGAR,BMX_3401,14/10/2024,3
BMX_1193,BMX_ON PREMISE,BMX_3401,14/10/2024,33
BMX_1193,BMX_OTRAS TDC Y FARM,BMX_3401,14/10/2024,73
BMX_1193,BMX_OTRO AUTOSERVICIO LOCAL,BMX_3401,14/10/2024,144
BMX_1193,BMX_OXXO,BMX_3401,14/10/2024,305
BMX_1193,BMX_TRADICIONAL,BMX_3401,14/10/2024,835
BMX_1193,BMX_AUTOSERVICIOS,BMX_3401,21/10/2024,33
BMX_1193,BMX_ON PREMISE,BMX_3401,21/10/2024,40
BMX_1193,BMX_OTRAS TDC Y FARM,BMX_3401,21/10/2024,74
BMX_1193,BMX_OTRO AUTOSERVICIO LOCAL,BMX_3401,21/10/2024,131
BMX_1193,BMX_OXXO,BMX_3401,21/10/2024,328
BMX_1193,BMX_TRADICIONAL,BMX_3401,21/10/2024,904
BMX_1193,BMX_AUTOSERVICIOS,BMX_3401,28/10/2024,59
BMX_1193,BMX_HOGAR,BMX_3401,28/10/2024,3
BMX_1193,BMX_ON PREMISE,BMX_3401,28/10/2024,69
BMX_1193,BMX_OTRAS TDC Y FARM,BMX_3401,28/10/2024,63
BMX_1193,BMX_OTRO AUTOSERVICIO LOCAL,BMX_3401,28/10/2024,152
BMX_1193,BMX_OXXO,BMX_3401,28/10/2024,290
BMX_1193,BMX_TRADICIONAL,BMX_3401,28/10/2024,869
BMX_1193,BMX_AUTOSERVICIOS,BMX_3401,04/11/2024,37
BMX_1193,BMX_HOGAR,BMX_3401,04/11/2024,5
BMX_1193,BMX_ON PREMISE,BMX_3401,04/11/2024,75
BMX_1193,BMX_OTRAS TDC Y FARM,BMX_3401,04/11/2024,93
BMX_1193,BMX_OTRO AUTOSERVICIO LOCAL,BMX_3401,04/11/2024,109
BMX_1193,BMX_OXXO,BMX_3401,04/11/2024,302
BMX_1193,BMX_TRADICIONAL,BMX_3401,04/11/2024,895
BMX_1193,BMX_AUTOSERVICIOS,BMX_3401,11/11/2024,31
BMX_1193,BMX_ON PREMISE,BMX_3401,11/11/2024,51
BMX_1193,BMX_OTRAS TDC Y FARM,BMX_3401,11/11/2024,66
BMX_1193,BMX_OTRO AUTOSERVICIO LOCAL,BMX_3401,11/11/2024,131
BMX_1193,BMX_OXXO,BMX_3401,11/11/2024,304
BMX_1193,BMX_TRADICIONAL,BMX_3401,11/11/2024,832
BMX_1193,BMX_AUTOSERVICIOS,BMX_3401,18/11/2024,50
BMX_1193,BMX_HOGAR,BMX_3401,18/11/2024,2
BMX_1193,BMX_ON PREMISE,BMX_3401,18/11/2024,59
BMX_1193,BMX_OTRAS TDC Y FARM,BMX_3401,18/11/2024,90
BMX_1193,BMX_OTRO AUTOSERVICIO LOCAL,BMX_3401,18/11/2024,115
BMX_1193,BMX_OXXO,BMX_3401,18/11/2024,254
BMX_1193,BMX_TRADICIONAL,BMX_3401,18/11/2024,718
BMX_1193,BMX_AUTOSERVICIOS,BMX_3401,25/11/2024,46
BMX_1193,BMX_ON PREMISE,BMX_3401,25/11/2024,80
BMX_1193,BMX_OTRAS TDC Y FARM,BMX_3401,25/11/2024,67
BMX_1193,BMX_OTRO AUTOSERVICIO LOCAL,BMX_3401,25/11/2024,117
BMX_1193,BMX_OXXO,BMX_3401,25/11/2024,251
BMX_1193,BMX_TRADICIONAL,BMX_3401,25/11/2024,738
BMX_1193,BMX_AUTOSERVICIOS,BMX_3401,02/12/2024,49
BMX_1193,BMX_HOGAR,BMX_3401,02/12/2024,7
BMX_1193,BMX_ON PREMISE,BMX_3401,02/12/2024,103
BMX_1193,BMX_OTRAS TDC Y FARM,BMX_3401,02/12/2024,76
BMX_1193,BMX_OTRO AUTOSERVICIO LOCAL,BMX_3401,02/12/2024,110
BMX_1193,BMX_OXXO,BMX_3401,02/12/2024,280
BMX_1193,BMX_TRADICIONAL,BMX_3401,02/12/2024,811
BMX_1193,BMX_AUTOSERVICIOS,BMX_3401,09/12/2024,40
BMX_1193,BMX_HOGAR,BMX_3401,09/12/2024,3
BMX_1193,BMX_ON PREMISE,BMX_3401,09/12/2024,45
BMX_1193,BMX_OTRAS TDC Y FARM,BMX_3401,09/12/2024,71
BMX_1193,BMX_OTRO AUTOSERVICIO LOCAL,BMX_3401,09/12/2024,113
BMX_1193,BMX_OXXO,BMX_3401,09/12/2024,303
BMX_1193,BMX_TRADICIONAL,BMX_3401,09/12/2024,877
BMX_1193,BMX_AUTOSERVICIOS,BMX_3401,16/12/2024,53
BMX_1193,BMX_ON PREMISE,BMX_3401,16/12/2024,55
BMX_1193,BMX_OTRAS TDC Y FARM,BMX_3401,16/12/2024,76
BMX_1193,BMX_OTRO AUTOSERVICIO LOCAL,BMX_3401,16/12/2024,178
BMX_1193,BMX_OXXO,BMX_3401,16/12/2024,343
BMX_1193,BMX_TRADICIONAL,BMX_3401,16/12/2024,858
BMX_1193,BMX_AUTOSERVICIOS,BMX_3401,23/12/2024,43
BMX_1193,BMX_HOGAR,BMX_3401,23/12/2024,3
BMX_1193,BMX_ON PREMISE,BMX_3401,23/12/2024,35
BMX_1193,BMX_OTRAS TDC Y FARM,BMX_3401,23/12/2024,62
BMX_1193,BMX_OTRO AUTOSERVICIO LOCAL,BMX_3401,23/12/2024,74
BMX_1193,BMX_OXXO,BMX_3401,23/12/2024,227
BMX_1193,BMX_TRADICIONAL,BMX_3401,23/12/2024,632
BMX_1193,BMX_AUTOSERVICIOS,BMX_3401,30/12/2024,50
BMX_1193,BMX_HOGAR,BMX_3401,30/12/2024,3
BMX_1193,BMX_ON PREMISE,BMX_3401,30/12/2024,12
BMX_1193,BMX_OTRAS TDC Y FARM,BMX_3401,30/12/2024,43
BMX_1193,BMX_OTRO AUTOSERVICIO LOCAL,BMX_3401,30/12/2024,50
BMX_1193,BMX_OXXO,BMX_3401,30/12/2024,188
BMX_1193,BMX_TRADICIONAL,BMX_3401,30/12/2024,485
BMX_1193,BMX_AUTOSERVICIOS,BMX_3401,06/01/2025,40
BMX_1193,BMX_HOGAR,BMX_3401,06/01/2025,5
BMX_1193,BMX_ON PREMISE,BMX_3401,06/01/2025,41
BMX_1193,BMX_OTRAS TDC Y FARM,BMX_3401,06/01/2025,61
BMX_1193,BMX_OTRO AUTOSERVICIO LOCAL,BMX_3401,06/01/2025,111
BMX_1193,BMX_OXXO,BMX_3401,06/01/2025,219
BMX_1193,BMX_TRADICIONAL,BMX_3401,06/01/2025,536
BMX_1193,BMX_AUTOSERVICIOS,BMX_3401,13/01/2025,44
BMX_1193,BMX_ON PREMISE,BMX_3401,13/01/2025,58
BMX_1193,BMX_OTRAS TDC Y FARM,BMX_3401,13/01/2025,53
BMX_1193,BMX_OTRO AUTOSERVICIO LOCAL,BMX_3401,13/01/2025,123
BMX_1193,BMX_OXXO,BMX_3401,13/01/2025,218
BMX_1193,BMX_TRADICIONAL,BMX_3401,13/01/2025,598
BMX_1193,BMX_AUTOSERVICIOS,BMX_3401,20/01/2025,37
BMX_1193,BMX_ON PREMISE,BMX_3401,20/01/2025,14
BMX_1193,BMX_OTRAS TDC Y FARM,BMX_3401,20/01/2025,70
BMX_1193,BMX_OTRO AUTOSERVICIO LOCAL,BMX_3401,20/01/2025,117
BMX_1193,BMX_OXXO,BMX_3401,20/01/2025,234
BMX_1193,BMX_TRADICIONAL,BMX_3401,20/01/2025,601
BMX_1193,BMX_AUTOSERVICIOS,BMX_3401,27/01/2025,23
BMX_1193,BMX_HOGAR,BMX_3401,27/01/2025,3
BMX_1193,BMX_ON PREMISE,BMX_3401,27/01/2025,40
BMX_1193,BMX_OTRAS TDC Y FARM,BMX_3401,27/01/2025,57
BMX_1193,BMX_OTRO AUTOSERVICIO LOCAL,BMX_3401,27/01/2025,131
BMX_1193,BMX_OXXO,BMX_3401,27/01/2025,237
BMX_1193,BMX_TRADICIONAL,BMX_3401,27/01/2025,576
BMX_1193,BMX_AUTOSERVICIOS,BMX_3401,03/02/2025,33
BMX_1193,BMX_HOGAR,BMX_3401,03/02/2025,1
BMX_1193,BMX_ON PREMISE,BMX_3401,03/02/2025,23
BMX_1193,BMX_OTRAS TDC Y FARM,BMX_3401,03/02/2025,56
BMX_1193,BMX_OTRO AUTOSERVICIO LOCAL,BMX_3401,03/02/2025,100
BMX_1193,BMX_OXXO,BMX_3401,03/02/2025,253
BMX_1193,BMX_TRADICIONAL,BMX_3401,03/02/2025,610
BMX_1193,BMX_AUTOSERVICIOS,BMX_3401,10/02/2025,36
BMX_1193,BMX_HOGAR,BMX_3401,10/02/2025,3
BMX_1193,BMX_ON PREMISE,BMX_3401,10/02/2025,50
BMX_1193,BMX_OTRAS TDC Y FARM,BMX_3401,10/02/2025,66
BMX_1193,BMX_OTRO AUTOSERVICIO LOCAL,BMX_3401,10/02/2025,127
BMX_1193,BMX_OXXO,BMX_3401,10/02/2025,263
BMX_1193,BMX_TRADICIONAL,BMX_3401,10/02/2025,652
BMX_1193,BMX_AUTOSERVICIOS,BMX_3401,17/02/2025,36
BMX_1193,BMX_HOGAR,BMX_3401,17/02/2025,2
BMX_1193,BMX_ON PREMISE,BMX_3401,17/02/2025,52
BMX_1193,BMX_OTRAS TDC Y FARM,BMX_3401,17/02/2025,41
BMX_1193,BMX_OTRO AUTOSERVICIO LOCAL,BMX_3401,17/02/2025,122
BMX_1193,BMX_OXXO,BMX_3401,17/02/2025,285
BMX_1193,BMX_TRADICIONAL,BMX_3401,17/02/2025,635
BMX_1193,BMX_AUTOSERVICIOS,BMX_3401,24/02/2025,44
BMX_1193,BMX_HOGAR,BMX_3401,24/02/2025,4
BMX_1193,BMX_ON PREMISE,BMX_3401,24/02/2025,68
BMX_1193,BMX_OTRAS TDC Y FARM,BMX_3401,24/02/2025,78
BMX_1193,BMX_OTRO AUTOSERVICIO LOCAL,BMX_3401,24/02/2025,126
BMX_1193,BMX_OXXO,BMX_3401,24/02/2025,281
BMX_1193,BMX_TRADICIONAL,BMX_3401,24/02/2025,650
BMX_1193,BMX_AUTOSERVICIOS,BMX_3401,03/03/2025,43
BMX_1193,BMX_HOGAR,BMX_3401,03/03/2025,2
BMX_1193,BMX_ON PREMISE,BMX_3401,03/03/2025,53
BMX_1193,BMX_OTRAS TDC Y FARM,BMX_3401,03/03/2025,75
BMX_1193,BMX_OTRO AUTOSERVICIO LOCAL,BMX_3401,03/03/2025,143
BMX_1193,BMX_OXXO,BMX_3401,03/03/2025,275
BMX_1193,BMX_TRADICIONAL,BMX_3401,03/03/2025,690
BMX_1193,BMX_AUTOSERVICIOS,BMX_3401,10/03/2025,40
BMX_1193,BMX_ON PREMISE,BMX_3401,10/03/2025,53
BMX_1193,BMX_OTRAS TDC Y FARM,BMX_3401,10/03/2025,67
BMX_1193,BMX_OTRO AUTOSERVICIO LOCAL,BMX_3401,10/03/2025,100
BMX_1193,BMX_OXXO,BMX_3401,10/03/2025,286
BMX_1193,BMX_TRADICIONAL,BMX_3401,10/03/2025,684
BMX_1193,BMX_AUTOSERVICIOS,BMX_3401,17/03/2025,25
BMX_1193,BMX_HOGAR,BMX_3401,17/03/2025,2
BMX_1193,BMX_ON PREMISE,BMX_3401,17/03/2025,39
BMX_1193,BMX_OTRAS TDC Y FARM,BMX_3401,17/03/2025,80
BMX_1193,BMX_OTRO AUTOSERVICIO LOCAL,BMX_3401,17/03/2025,118
BMX_1193,BMX_OXXO,BMX_3401,17/03/2025,250
BMX_1193,BMX_TRADICIONAL,BMX_3401,17/03/2025,677
BMX_1193,BMX_AUTOSERVICIOS,BMX_3401,24/03/2025,65
BMX_1193,BMX_HOGAR,BMX_3401,24/03/2025,1
BMX_1193,BMX_ON PREMISE,BMX_3401,24/03/2025,41
BMX_1193,BMX_OTRAS TDC Y FARM,BMX_3401,24/03/2025,71
BMX_1193,BMX_OTRO AUTOSERVICIO LOCAL,BMX_3401,24/03/2025,134
BMX_1193,BMX_OXXO,BMX_3401,24/03/2025,300
BMX_1193,BMX_TRADICIONAL,BMX_3401,24/03/2025,692
BMX_1193,BMX_AUTOSERVICIOS,BMX_3401,31/03/2025,18
BMX_1193,BMX_ON PREMISE,BMX_3401,31/03/2025,39
BMX_1193,BMX_OTRAS TDC Y FARM,BMX_3401,31/03/2025,86
BMX_1193,BMX_OTRO AUTOSERVICIO LOCAL,BMX_3401,31/03/2025,167
BMX_1193,BMX_OXXO,BMX_3401,31/03/2025,278
BMX_1193,BMX_TRADICIONAL,BMX_3401,31/03/2025,699
BMX_1193,BMX_AUTOSERVICIOS,BMX_3401,07/04/2025,38
BMX_1193,BMX_HOGAR,BMX_3401,07/04/2025,4
BMX_1193,BMX_ON PREMISE,BMX_3401,07/04/2025,46
BMX_1193,BMX_OTRAS TDC Y FARM,BMX_3401,07/04/2025,82
BMX_1193,BMX_OTRO AUTOSERVICIO LOCAL,BMX_3401,07/04/2025,124
BMX_1193,BMX_OXXO,BMX_3401,07/04/2025,290
BMX_1193,BMX_TRADICIONAL,BMX_3401,07/04/2025,669
BMX_1193,BMX_AUTOSERVICIOS,BMX_3401,14/04/2025,38
BMX_1193,BMX_ON PREMISE,BMX_3401,14/04/2025,62
BMX_1193,BMX_OTRAS TDC Y FARM,BMX_3401,14/04/2025,84
BMX_1193,BMX_OTRO AUTOSERVICIO LOCAL,BMX_3401,14/04/2025,104
BMX_1193,BMX_OXXO,BMX_3401,14/04/2025,347
BMX_1193,BMX_TRADICIONAL,BMX_3401,14/04/2025,661
BMX_1193,BMX_AUTOSERVICIOS,BMX_3401,21/04/2025,45
BMX_1193,BMX_HOGAR,BMX_3401,21/04/2025,2
BMX_1193,BMX_ON PREMISE,BMX_3401,21/04/2025,41
BMX_1193,BMX_OTRAS TDC Y FARM,BMX_3401,21/04/2025,69
BMX_1193,BMX_OTRO AUTOSERVICIO LOCAL,BMX_3401,21/04/2025,99
BMX_1193,BMX_OXXO,BMX_3401,21/04/2025,239
BMX_1193,BMX_TRADICIONAL,BMX_3401,21/04/2025,655
BMX_1193,BMX_AUTOSERVICIOS,BMX_3401,28/04/2025,43
BMX_1193,BMX_ON PREMISE,BMX_3401,28/04/2025,47
BMX_1193,BMX_OTRAS TDC Y FARM,BMX_3401,28/04/2025,66
BMX_1193,BMX_OTRO AUTOSERVICIO LOCAL,BMX_3401,28/04/2025,128
BMX_1193,BMX_OXXO,BMX_3401,28/04/2025,282
BMX_1193,BMX_TRADICIONAL,BMX_3401,28/04/2025,621
BMX_1193,BMX_AUTOSERVICIOS,BMX_3401,05/05/2025,41
BMX_1193,BMX_HOGAR,BMX_3401,05/05/2025,3
BMX_1193,BMX_ON PREMISE,BMX_3401,05/05/2025,65
BMX_1193,BMX_OTRAS TDC Y FARM,BMX_3401,05/05/2025,61
BMX_1193,BMX_OTRO AUTOSERVICIO LOCAL,BMX_3401,05/05/2025,140
BMX_1193,BMX_OXXO,BMX_3401,05/05/2025,314
BMX_1193,BMX_TRADICIONAL,BMX_3401,05/05/2025,822
BMX_1193,BMX_AUTOSERVICIOS,BMX_3401,12/05/2025,31
BMX_1193,BMX_ON PREMISE,BMX_3401,12/05/2025,36
BMX_1193,BMX_OTRAS TDC Y FARM,BMX_3401,12/05/2025,102
BMX_1193,BMX_OTRO AUTOSERVICIO LOCAL,BMX_3401,12/05/2025,149
BMX_1193,BMX_OXXO,BMX_3401,12/05/2025,278
BMX_1193,BMX_TRADICIONAL,BMX_3401,12/05/2025,717
BMX_1193,BMX_AUTOSERVICIOS,BMX_3401,19/05/2025,61
BMX_1193,BMX_HOGAR,BMX_3401,19/05/2025,1
BMX_1193,BMX_ON PREMISE,BMX_3401,19/05/2025,54
BMX_1193,BMX_OTRAS TDC Y FARM,BMX_3401,19/05/2025,76
BMX_1193,BMX_OTRO AUTOSERVICIO LOCAL,BMX_3401,19/05/2025,130
BMX_1193,BMX_OXXO,BMX_3401,19/05/2025,300
BMX_1193,BMX_TRADICIONAL,BMX_3401,19/05/2025,727
BMX_1193,BMX_AUTOSERVICIOS,BMX_3401,26/05/2025,66
BMX_1193,BMX_HOGAR,BMX_3401,26/05/2025,6
BMX_1193,BMX_ON PREMISE,BMX_3401,26/05/2025,87
BMX_1193,BMX_OTRAS TDC Y FARM,BMX_3401,26/05/2025,90
BMX_1193,BMX_OTRO AUTOSERVICIO LOCAL,BMX_3401,26/05/2025,151
BMX_1193,BMX_OXXO,BMX_3401,26/05/2025,308
BMX_1193,BMX_TRADICIONAL,BMX_3401,26/05/2025,692
BMX_1193,BMX_AUTOSERVICIOS,BMX_3401,02/06/2025,35
BMX_1193,BMX_HOGAR,BMX_3401,02/06/2025,1
BMX_1193,BMX_ON PREMISE,BMX_3401,02/06/2025,30
BMX_1193,BMX_OTRAS TDC Y FARM,BMX_3401,02/06/2025,77
BMX_1193,BMX_OTRO AUTOSERVICIO LOCAL,BMX_3401,02/06/2025,151
BMX_1193,BMX_OXXO,BMX_3401,02/06/2025,331
BMX_1193,BMX_TRADICIONAL,BMX_3401,02/06/2025,720
BMX_1193,BMX_AUTOSERVICIOS,BMX_3401,09/06/2025,53
BMX_1193,BMX_ON PREMISE,BMX_3401,09/06/2025,34
BMX_1193,BMX_OTRAS TDC Y FARM,BMX_3401,09/06/2025,77
BMX_1193,BMX_OTRO AUTOSERVICIO LOCAL,BMX_3401,09/06/2025,175
BMX_1193,BMX_OXXO,BMX_3401,09/06/2025,270
BMX_1193,BMX_TRADICIONAL,BMX_3401,09/06/2025,699
BMX_1193,BMX_AUTOSERVICIOS,BMX_3401,16/06/2025,40
BMX_1193,BMX_ON PREMISE,BMX_3401,16/06/2025,50
BMX_1193,BMX_OTRAS TDC Y FARM,BMX_3401,16/06/2025,72
BMX_1193,BMX_OTRO AUTOSERVICIO LOCAL,BMX_3401,16/06/2025,131
BMX_1193,BMX_OXXO,BMX_3401,16/06/2025,280
BMX_1193,BMX_TRADICIONAL,BMX_3401,16/06/2025,687
BMX_1193,BMX_AUTOSERVICIOS,BMX_3401,23/06/2025,53
BMX_1193,BMX_HOGAR,BMX_3401,23/06/2025,2
BMX_1193,BMX_ON PREMISE,BMX_3401,23/06/2025,59
BMX_1193,BMX_OTRAS TDC Y FARM,BMX_3401,23/06/2025,85
BMX_1193,BMX_OTRO AUTOSERVICIO LOCAL,BMX_3401,23/06/2025,151
BMX_1193,BMX_OXXO,BMX_3401,23/06/2025,292
BMX_1193,BMX_TRADICIONAL,BMX_3401,23/06/2025,715
BMX_1193,BMX_AUTOSERVICIOS,BMX_3401,30/06/2025,47
BMX_1193,BMX_HOGAR,BMX_3401,30/06/2025,1
BMX_1193,BMX_ON PREMISE,BMX_3401,30/06/2025,18
BMX_1193,BMX_OTRAS TDC Y FARM,BMX_3401,30/06/2025,82
BMX_1193,BMX_OTRO AUTOSERVICIO LOCAL,BMX_3401,30/06/2025,154
BMX_1193,BMX_OXXO,BMX_3401,30/06/2025,274
BMX_1193,BMX_TRADICIONAL,BMX_3401,30/06/2025,823
BMX_1193,BMX_AUTOSERVICIOS,BMX_3401,07/07/2025,43
BMX_1193,BMX_HOGAR,BMX_3401,07/07/2025,4
BMX_1193,BMX_ON PREMISE,BMX_3401,07/07/2025,50
BMX_1193,BMX_OTRAS TDC Y FARM,BMX_3401,07/07/2025,72
BMX_1193,BMX_OTRO AUTOSERVICIO LOCAL,BMX_3401,07/07/2025,108
BMX_1193,BMX_OXXO,BMX_3401,07/07/2025,296
BMX_1193,BMX_TRADICIONAL,BMX_3401,07/07/2025,707
BMX_1193,BMX_AUTOSERVICIOS,BMX_3401,14/07/2025,40
BMX_1193,BMX_ON PREMISE,BMX_3401,14/07/2025,53
BMX_1193,BMX_OTRAS TDC Y FARM,BMX_3401,14/07/2025,83
BMX_1193,BMX_OTRO AUTOSERVICIO LOCAL,BMX_3401,14/07/2025,96
BMX_1193,BMX_OXXO,BMX_3401,14/07/2025,270
BMX_1193,BMX_TRADICIONAL,BMX_3401,14/07/2025,649
BMX_1193,BMX_AUTOSERVICIOS,BMX_3401,21/07/2025,48
BMX_1193,BMX_HOGAR,BMX_3401,21/07/2025,3
BMX_1193,BMX_ON PREMISE,BMX_3401,21/07/2025,49
BMX_1193,BMX_OTRAS TDC Y FARM,BMX_3401,21/07/2025,65
BMX_1193,BMX_OTRO AUTOSERVICIO LOCAL,BMX_3401,21/07/2025,117
BMX_1193,BMX_OXXO,BMX_3401,21/07/2025,279
BMX_1193,BMX_TRADICIONAL,BMX_3401,21/07/2025,625
BMX_1193,BMX_AUTOSERVICIOS,BMX_3401,28/07/2025,48
BMX_1193,BMX_ON PREMISE,BMX_3401,28/07/2025,52
BMX_1193,BMX_OTRAS TDC Y FARM,BMX_3401,28/07/2025,72
BMX_1193,BMX_OTRO AUTOSERVICIO LOCAL,BMX_3401,28/07/2025,123
BMX_1193,BMX_OXXO,BMX_3401,28/07/2025,262
BMX_1193,BMX_TRADICIONAL,BMX_3401,28/07/2025,799
BMX_1193,BMX_AUTOSERVICIOS,BMX_3401,04/08/2025,67
BMX_1193,BMX_HOGAR,BMX_3401,04/08/2025,3
BMX_1193,BMX_ON PREMISE,BMX_3401,04/08/2025,56
BMX_1193,BMX_OTRAS TDC Y FARM,BMX_3401,04/08/2025,82
BMX_1193,BMX_OTRO AUTOSERVICIO LOCAL,BMX_3401,04/08/2025,142
BMX_1193,BMX_OXXO,BMX_3401,04/08/2025,257
BMX_1193,BMX_TRADICIONAL,BMX_3401,04/08/2025,625
BMX_1193,BMX_AUTOSERVICIOS,BMX_3401,11/08/2025,35
BMX_1193,BMX_ON PREMISE,BMX_3401,11/08/2025,50
BMX_1193,BMX_OTRAS TDC Y FARM,BMX_3401,11/08/2025,85
BMX_1193,BMX_OTRO AUTOSERVICIO LOCAL,BMX_3401,11/08/2025,119
BMX_1193,BMX_OXXO,BMX_3401,11/08/2025,259
BMX_1193,BMX_TRADICIONAL,BMX_3401,11/08/2025,735
BMX_1193,BMX_AUTOSERVICIOS,BMX_3401,18/08/2025,39
BMX_1193,BMX_HOGAR,BMX_3401,18/08/2025,3
BMX_1193,BMX_ON PREMISE,BMX_3401,18/08/2025,43
BMX_1193,BMX_OTRAS TDC Y FARM,BMX_3401,18/08/2025,57
BMX_1193,BMX_OTRO AUTOSERVICIO LOCAL,BMX_3401,18/08/2025,146
BMX_1193,BMX_OXXO,BMX_3401,18/08/2025,256
BMX_1193,BMX_TRADICIONAL,BMX_3401,18/08/2025,613
BMX_1193,BMX_AUTOSERVICIOS,BMX_3401,25/08/2025,28
BMX_1193,BMX_ON PREMISE,BMX_3401,25/08/2025,58
BMX_1193,BMX_OTRAS TDC Y FARM,BMX_3401,25/08/2025,73
BMX_1193,BMX_OTRO AUTOSERVICIO LOCAL,BMX_3401,25/08/2025,131
BMX_1193,BMX_OXXO,BMX_3401,25/08/2025,303
BMX_1193,BMX_TRADICIONAL,BMX_3401,25/08/2025,639
BMX_1193,BMX_AUTOSERVICIOS,BMX_3401,01/09/2025,67
BMX_1193,BMX_CLUB DE PRECIOS,BMX_3401,01/09/2025,400
BMX_1193,BMX_ON PREMISE,BMX_3401,01/09/2025,30
BMX_1193,BMX_OTRAS TDC Y FARM,BMX_3401,01/09/2025,58
BMX_1193,BMX_OTRO AUTOSERVICIO LOCAL,BMX_3401,01/09/2025,129
BMX_1193,BMX_OXXO,BMX_3401,01/09/2025,209
BMX_1193,BMX_TRADICIONAL,BMX_3401,01/09/2025,584
BMX_1193,BMX_AUTOSERVICIOS,BMX_3401,08/09/2025,31
BMX_1193,BMX_CLUB DE PRECIOS,BMX_3401,08/09/2025,200
BMX_1193,BMX_HOGAR,BMX_3401,08/09/2025,3
BMX_1193,BMX_ON PREMISE,BMX_3401,08/09/2025,52
BMX_1193,BMX_OTRAS TDC Y FARM,BMX_3401,08/09/2025,69
BMX_1193,BMX_OTRO AUTOSERVICIO LOCAL,BMX_3401,08/09/2025,139
BMX_1193,BMX_OXXO,BMX_3401,08/09/2025,240
BMX_1193,BMX_TRADICIONAL,BMX_3401,08/09/2025,687
BMX_1193,BMX_AUTOSERVICIOS,BMX_3401,15/09/2025,31
BMX_1193,BMX_CLUB DE PRECIOS,BMX_3401,15/09/2025,200
BMX_1193,BMX_ON PREMISE,BMX_3401,15/09/2025,22
BMX_1193,BMX_OTRAS TDC Y FARM,BMX_3401,15/09/2025,67
BMX_1193,BMX_OTRO AUTOSERVICIO LOCAL,BMX_3401,15/09/2025,116
BMX_1193,BMX_OXXO,BMX_3401,15/09/2025,221
BMX_1193,BMX_TRADICIONAL,BMX_3401,15/09/2025,602
BMX_1193,BMX_AUTOSERVICIOS,BMX_3401,22/09/2025,48
BMX_1193,BMX_CLUB DE PRECIOS,BMX_3401,22/09/2025,200
BMX_1193,BMX_ON PREMISE,BMX_3401,22/09/2025,49
BMX_1193,BMX_OTRAS TDC Y FARM,BMX_3401,22/09/2025,78
BMX_1193,BMX_OTRO AUTOSERVICIO LOCAL,BMX_3401,22/09/2025,129
BMX_1193,BMX_OXXO,BMX_3401,22/09/2025,268
BMX_1193,BMX_TRADICIONAL,BMX_3401,22/09/2025,621
BMX_1193,BMX_AUTOSERVICIOS,BMX_3401,29/09/2025,38
BMX_1193,BMX_CLUB DE PRECIOS,BMX_3401,29/09/2025,400
BMX_1193,BMX_HOGAR,BMX_3401,29/09/2025,3
BMX_1193,BMX_ON PREMISE,BMX_3401,29/09/2025,23
BMX_1193,BMX_OTRAS TDC Y FARM,BMX_3401,29/09/2025,72
BMX_1193,BMX_OTRO AUTOSERVICIO LOCAL,BMX_3401,29/09/2025,140
BMX_1193,BMX_OXXO,BMX_3401,29/09/2025,252
BMX_1193,BMX_TRADICIONAL,BMX_3401,29/09/2025,646
BMX_1193,BMX_AUTOSERVICIOS,BMX_3401,06/10/2025,54
BMX_1193,BMX_CLUB DE PRECIOS,BMX_3401,06/10/2025,200
BMX_1193,BMX_HOGAR,BMX_3401,06/10/2025,2
BMX_1193,BMX_ON PREMISE,BMX_3401,06/10/2025,35
BMX_1193,BMX_OTRAS TDC Y FARM,BMX_3401,06/10/2025,64
BMX_1193,BMX_OTRO AUTOSERVICIO LOCAL,BMX_3401,06/10/2025,154
BMX_1193,BMX_OXXO,BMX_3401,06/10/2025,248
BMX_1193,BMX_TRADICIONAL,BMX_3401,06/10/2025,644
BMX_1193,BMX_AUTOSERVICIOS,BMX_3401,13/10/2025,41
BMX_1193,BMX_CLUB DE PRECIOS,BMX_3401,13/10/2025,400
BMX_1193,BMX_HOGAR,BMX_3401,13/10/2025,3
BMX_1193,BMX_ON PREMISE,BMX_3401,13/10/2025,45
BMX_1193,BMX_OTRAS TDC Y FARM,BMX_3401,13/10/2025,67
BMX_1193,BMX_OTRO AUTOSERVICIO LOCAL,BMX_3401,13/10/2025,114
BMX_1193,BMX_OXXO,BMX_3401,13/10/2025,249
BMX_1193,BMX_TRADICIONAL,BMX_3401,13/10/2025,699
BMX_1193,BMX_AUTOSERVICIOS,BMX_3401,20/10/2025,40
BMX_1193,BMX_CLUB DE PRECIOS,BMX_3401,20/10/2025,400
BMX_1193,BMX_HOGAR,BMX_3401,20/10/2025,8
BMX_1193,BMX_ON PREMISE,BMX_3401,20/10/2025,46
BMX_1193,BMX_OTRAS TDC Y FARM,BMX_3401,20/10/2025,63
BMX_1193,BMX_OTRO AUTOSERVICIO LOCAL,BMX_3401,20/10/2025,124
BMX_1193,BMX_OXXO,BMX_3401,20/10/2025,283
BMX_1193,BMX_TRADICIONAL,BMX_3401,20/10/2025,633
BMX_1193,BMX_AUTOSERVICIOS,BMX_3401,27/10/2025,26
BMX_1193,BMX_CLUB DE PRECIOS,BMX_3401,27/10/2025,200
BMX_1193,BMX_HOGAR,BMX_3401,27/10/2025,3
BMX_1193,BMX_ON PREMISE,BMX_3401,27/10/2025,30
BMX_1193,BMX_OTRAS TDC Y FARM,BMX_3401,27/10/2025,71
BMX_1193,BMX_OTRO AUTOSERVICIO LOCAL,BMX_3401,27/10/2025,120
BMX_1193,BMX_OXXO,BMX_3401,27/10/2025,251
BMX_1193,BMX_TRADICIONAL,BMX_3401,27/10/2025,661
BMX_1193,BMX_AUTOSERVICIOS,BMX_3401,03/11/2025,42
BMX_1193,BMX_CLUB DE PRECIOS,BMX_3401,03/11/2025,200
BMX_1193,BMX_ON PREMISE,BMX_3401,03/11/2025,40
BMX_1193,BMX_OTRAS TDC Y FARM,BMX_3401,03/11/2025,66
BMX_1193,BMX_OTRO AUTOSERVICIO LOCAL,BMX_3401,03/11/2025,124
BMX_1193,BMX_OXXO,BMX_3401,03/11/2025,222
BMX_1193,BMX_TRADICIONAL,BMX_3401,03/11/2025,704
BMX_1193,BMX_AUTOSERVICIOS,BMX_3401,10/11/2025,21
BMX_1193,BMX_CLUB DE PRECIOS,BMX_3401,10/11/2025,600
BMX_1193,BMX_ON PREMISE,BMX_3401,10/11/2025,42
BMX_1193,BMX_OTRAS TDC Y FARM,BMX_3401,10/11/2025,64
BMX_1193,BMX_OTRO AUTOSERVICIO LOCAL,BMX_3401,10/11/2025,136
BMX_1193,BMX_OXXO,BMX_3401,10/11/2025,273
BMX_1193,BMX_TRADICIONAL,BMX_3401,10/11/2025,647
BMX_1193,BMX_AUTOSERVICIOS,BMX_3401,17/11/2025,35
BMX_1193,BMX_CLUB DE PRECIOS,BMX_3401,17/11/2025,400
BMX_1193,BMX_ON PREMISE,BMX_3401,17/11/2025,59
BMX_1193,BMX_OTRAS TDC Y FARM,BMX_3401,17/11/2025,55
BMX_1193,BMX_OTRO AUTOSERVICIO LOCAL,BMX_3401,17/11/2025,124
BMX_1193,BMX_OXXO,BMX_3401,17/11/2025,213
BMX_1193,BMX_TRADICIONAL,BMX_3401,17/11/2025,617
BMX_1193,BMX_AUTOSERVICIOS,BMX_3401,24/11/2025,28
BMX_1193,BMX_CLUB DE PRECIOS,BMX_3401,24/11/2025,200
BMX_1193,BMX_ON PREMISE,BMX_3401,24/11/2025,44
BMX_1193,BMX_OTRAS TDC Y FARM,BMX_3401,24/11/2025,70
BMX_1193,BMX_OTRO AUTOSERVICIO LOCAL,BMX_3401,24/11/2025,126
BMX_1193,BMX_OXXO,BMX_3401,24/11/2025,198
BMX_1193,BMX_TRADICIONAL,BMX_3401,24/11/2025,657
BMX_1193,BMX_AUTOSERVICIOS,BMX_3401,01/12/2025,48
BMX_1193,BMX_CLUB DE PRECIOS,BMX_3401,01/12/2025,200
BMX_1193,BMX_HOGAR,BMX_3401,01/12/2025,1
BMX_1193,BMX_ON PREMISE,BMX_3401,01/12/2025,42
BMX_1193,BMX_OTRAS TDC Y FARM,BMX_3401,01/12/2025,70
BMX_1193,BMX_OTRO AUTOSERVICIO LOCAL,BMX_3401,01/12/2025,151
BMX_1193,BMX_OXXO,BMX_3401,01/12/2025,200
BMX_1193,BMX_TRADICIONAL,BMX_3401,01/12/2025,873
BMX_1193,BMX_AUTOSERVICIOS,BMX_3401,08/12/2025,33
BMX_1193,BMX_CLUB DE PRECIOS,BMX_3401,08/12/2025,800
BMX_1193,BMX_HOGAR,BMX_3401,08/12/2025,2
BMX_1193,BMX_ON PREMISE,BMX_3401,08/12/2025,60
BMX_1193,BMX_OTRAS TDC Y FARM,BMX_3401,08/12/2025,61
BMX_1193,BMX_OTRO AUTOSERVICIO LOCAL,BMX_3401,08/12/2025,148
BMX_1193,BMX_OXXO,BMX_3401,08/12/2025,228
BMX_1193,BMX_TRADICIONAL,BMX_3401,08/12/2025,907
BMX_1193,BMX_AUTOSERVICIOS,BMX_3401,15/12/2025,42
BMX_1193,BMX_CLUB DE PRECIOS,BMX_3401,15/12/2025,200
BMX_1193,BMX_HOGAR,BMX_3401,15/12/2025,2
BMX_1193,BMX_ON PREMISE,BMX_3401,15/12/2025,22
BMX_1193,BMX_OTRAS TDC Y FARM,BMX_3401,15/12/2025,74
BMX_1193,BMX_OTRO AUTOSERVICIO LOCAL,BMX_3401,15/12/2025,163
BMX_1193,BMX_OXXO,BMX_3401,15/12/2025,288
BMX_1193,BMX_TRADICIONAL,BMX_3401,15/12/2025,1078
BMX_1193,BMX_AUTOSERVICIOS,BMX_3401,22/12/2025,39
BMX_1193,BMX_CLUB DE PRECIOS,BMX_3401,22/12/2025,200
BMX_1193,BMX_ON PREMISE,BMX_3401,22/12/2025,19
BMX_1193,BMX_OTRAS TDC Y FARM,BMX_3401,22/12/2025,68
BMX_1193,BMX_OTRO AUTOSERVICIO LOCAL,BMX_3401,22/12/2025,76
BMX_1193,BMX_OXXO,BMX_3401,22/12/2025,221
BMX_1193,BMX_TRADICIONAL,BMX_3401,22/12/2025,688
BMX_1193,BMX_AUTOSERVICIOS,BMX_3401,29/12/2025,49
BMX_1193,BMX_CLUB DE PRECIOS,BMX_3401,29/12/2025,200
BMX_1193,BMX_ON PREMISE,BMX_3401,29/12/2025,12
BMX_1193,BMX_OTRAS TDC Y FARM,BMX_3401,29/12/2025,39
BMX_1193,BMX_OTRO AUTOSERVICIO LOCAL,BMX_3401,29/12/2025,76
BMX_1193,BMX_OXXO,BMX_3401,29/12/2025,147
BMX_1193,BMX_TRADICIONAL,BMX_3401,29/12/2025,685